{
  "dataset_revision": "61b42fe57d9a44e30f47b9b878b664a95472ec80",
  "task_name": "ARCChallenge",
  "mteb_version": "2.7.26",
  "scores": {
    "test": [
      {
        "ndcg_at_1": 0.26451,
        "ndcg_at_3": 0.3751,
        "ndcg_at_5": 0.40848,
        "ndcg_at_10": 0.43834,
        "ndcg_at_20": 0.45503,
        "ndcg_at_100": 0.48805,
        "ndcg_at_1000": 0.50182,
        "map_at_1": 0.26451,
        "map_at_3": 0.34812,
        "map_at_5": 0.36664,
        "map_at_10": 0.37901,
        "map_at_20": 0.38362,
        "map_at_100": 0.38809,
        "map_at_1000": 0.38859,
        "recall_at_1": 0.26451,
        "recall_at_3": 0.45307,
        "recall_at_5": 0.53413,
        "recall_at_10": 0.62628,
        "recall_at_20": 0.69198,
        "recall_at_100": 0.87116,
        "recall_at_1000": 0.98038,
        "accuracy": 0.26451,
        "precision_at_1": 0.26451,
        "precision_at_3": 0.15102,
        "precision_at_5": 0.10683,
        "precision_at_10": 0.06263,
        "precision_at_20": 0.0346,
        "precision_at_100": 0.00871,
        "precision_at_1000": 0.00098,
        "mrr_at_1": 0.264505,
        "mrr_at_3": 0.348123,
        "mrr_at_5": 0.366638,
        "mrr_at_10": 0.379009,
        "mrr_at_20": 0.383624,
        "mrr_at_100": 0.388092,
        "mrr_at_1000": 0.388593,
        "nauc_ndcg_at_1_max": 0.334765,
        "nauc_ndcg_at_1_std": -0.083844,
        "nauc_ndcg_at_1_diff1": 0.343091,
        "nauc_ndcg_at_3_max": 0.389513,
        "nauc_ndcg_at_3_std": -0.076849,
        "nauc_ndcg_at_3_diff1": 0.280913,
        "nauc_ndcg_at_5_max": 0.402515,
        "nauc_ndcg_at_5_std": -0.068769,
        "nauc_ndcg_at_5_diff1": 0.276641,
        "nauc_ndcg_at_10_max": 0.404565,
        "nauc_ndcg_at_10_std": -0.057216,
        "nauc_ndcg_at_10_diff1": 0.279635,
        "nauc_ndcg_at_20_max": 0.398548,
        "nauc_ndcg_at_20_std": -0.052809,
        "nauc_ndcg_at_20_diff1": 0.276697,
        "nauc_ndcg_at_100_max": 0.392957,
        "nauc_ndcg_at_100_std": -0.05256,
        "nauc_ndcg_at_100_diff1": 0.281695,
        "nauc_ndcg_at_1000_max": 0.39042,
        "nauc_ndcg_at_1000_std": -0.05832,
        "nauc_ndcg_at_1000_diff1": 0.284248,
        "nauc_map_at_1_max": 0.334765,
        "nauc_map_at_1_std": -0.083844,
        "nauc_map_at_1_diff1": 0.343091,
        "nauc_map_at_3_max": 0.377054,
        "nauc_map_at_3_std": -0.077865,
        "nauc_map_at_3_diff1": 0.294683,
        "nauc_map_at_5_max": 0.384616,
        "nauc_map_at_5_std": -0.073173,
        "nauc_map_at_5_diff1": 0.291977,
        "nauc_map_at_10_max": 0.385159,
        "nauc_map_at_10_std": -0.068188,
        "nauc_map_at_10_diff1": 0.29355,
        "nauc_map_at_20_max": 0.383295,
        "nauc_map_at_20_std": -0.067085,
        "nauc_map_at_20_diff1": 0.292814,
        "nauc_map_at_100_max": 0.382382,
        "nauc_map_at_100_std": -0.067307,
        "nauc_map_at_100_diff1": 0.293607,
        "nauc_map_at_1000_max": 0.382303,
        "nauc_map_at_1000_std": -0.06748,
        "nauc_map_at_1000_diff1": 0.293674,
        "nauc_recall_at_1_max": 0.334765,
        "nauc_recall_at_1_std": -0.083844,
        "nauc_recall_at_1_diff1": 0.343091,
        "nauc_recall_at_3_max": 0.423944,
        "nauc_recall_at_3_std": -0.074272,
        "nauc_recall_at_3_diff1": 0.24301,
        "nauc_recall_at_5_max": 0.455361,
        "nauc_recall_at_5_std": -0.055396,
        "nauc_recall_at_5_diff1": 0.232649,
        "nauc_recall_at_10_max": 0.4691,
        "nauc_recall_at_10_std": -0.017141,
        "nauc_recall_at_10_diff1": 0.236443,
        "nauc_recall_at_20_max": 0.450569,
        "nauc_recall_at_20_std": 0.009084,
        "nauc_recall_at_20_diff1": 0.217157,
        "nauc_recall_at_100_max": 0.439126,
        "nauc_recall_at_100_std": 0.082379,
        "nauc_recall_at_100_diff1": 0.214436,
        "nauc_recall_at_1000_max": 0.386922,
        "nauc_recall_at_1000_std": 0.138849,
        "nauc_recall_at_1000_diff1": 0.169049,
        "nauc_precision_at_1_max": 0.334765,
        "nauc_precision_at_1_std": -0.083844,
        "nauc_precision_at_1_diff1": 0.343091,
        "nauc_precision_at_3_max": 0.423944,
        "nauc_precision_at_3_std": -0.074272,
        "nauc_precision_at_3_diff1": 0.24301,
        "nauc_precision_at_5_max": 0.455361,
        "nauc_precision_at_5_std": -0.055396,
        "nauc_precision_at_5_diff1": 0.232649,
        "nauc_precision_at_10_max": 0.4691,
        "nauc_precision_at_10_std": -0.017141,
        "nauc_precision_at_10_diff1": 0.236443,
        "nauc_precision_at_20_max": 0.450569,
        "nauc_precision_at_20_std": 0.009084,
        "nauc_precision_at_20_diff1": 0.217157,
        "nauc_precision_at_100_max": 0.439126,
        "nauc_precision_at_100_std": 0.082379,
        "nauc_precision_at_100_diff1": 0.214436,
        "nauc_precision_at_1000_max": 0.386922,
        "nauc_precision_at_1000_std": 0.138849,
        "nauc_precision_at_1000_diff1": 0.169049,
        "nauc_mrr_at_1_max": 0.334765,
        "nauc_mrr_at_1_std": -0.083844,
        "nauc_mrr_at_1_diff1": 0.343091,
        "nauc_mrr_at_3_max": 0.377054,
        "nauc_mrr_at_3_std": -0.077865,
        "nauc_mrr_at_3_diff1": 0.294683,
        "nauc_mrr_at_5_max": 0.384616,
        "nauc_mrr_at_5_std": -0.073173,
        "nauc_mrr_at_5_diff1": 0.291977,
        "nauc_mrr_at_10_max": 0.385159,
        "nauc_mrr_at_10_std": -0.068188,
        "nauc_mrr_at_10_diff1": 0.29355,
        "nauc_mrr_at_20_max": 0.383295,
        "nauc_mrr_at_20_std": -0.067085,
        "nauc_mrr_at_20_diff1": 0.292814,
        "nauc_mrr_at_100_max": 0.382382,
        "nauc_mrr_at_100_std": -0.067307,
        "nauc_mrr_at_100_diff1": 0.293607,
        "nauc_mrr_at_1000_max": 0.382303,
        "nauc_mrr_at_1000_std": -0.06748,
        "nauc_mrr_at_1000_diff1": 0.293674,
        "cv_recall_at_1": 0.26451,
        "cv_recall_at_3": 0.45307,
        "cv_recall_at_5": 0.53413,
        "cv_recall_at_10": 0.62628,
        "cv_recall_at_20": 0.69198,
        "cv_recall_at_100": 0.87116,
        "cv_recall_at_1000": 0.98038,
        "main_score": 0.43834,
        "hf_subset": "default",
        "languages": [
          "eng-Latn"
        ]
      }
    ]
  },
  "evaluation_time": 80.73953413963318,
  "kg_co2_emissions": null
}