{
  "dataset_revision": "61b42fe57d9a44e30f47b9b878b664a95472ec80",
  "task_name": "ARCChallenge",
  "mteb_version": "2.7.26",
  "scores": {
    "test": [
      {
        "ndcg_at_1": 0.16297,
        "ndcg_at_3": 0.26476,
        "ndcg_at_5": 0.29722,
        "ndcg_at_10": 0.33083,
        "ndcg_at_20": 0.35419,
        "ndcg_at_100": 0.38981,
        "ndcg_at_1000": 0.41011,
        "map_at_1": 0.16297,
        "map_at_3": 0.23848,
        "map_at_5": 0.25657,
        "map_at_10": 0.27057,
        "map_at_20": 0.27701,
        "map_at_100": 0.28177,
        "map_at_1000": 0.28249,
        "recall_at_1": 0.16297,
        "recall_at_3": 0.3413,
        "recall_at_5": 0.4198,
        "recall_at_10": 0.52304,
        "recall_at_20": 0.61519,
        "recall_at_100": 0.80973,
        "recall_at_1000": 0.97184,
        "accuracy": 0.16297,
        "precision_at_1": 0.16297,
        "precision_at_3": 0.11377,
        "precision_at_5": 0.08396,
        "precision_at_10": 0.0523,
        "precision_at_20": 0.03076,
        "precision_at_100": 0.0081,
        "precision_at_1000": 0.00097,
        "mrr_at_1": 0.162969,
        "mrr_at_3": 0.238481,
        "mrr_at_5": 0.25657,
        "mrr_at_10": 0.270575,
        "mrr_at_20": 0.277011,
        "mrr_at_100": 0.281772,
        "mrr_at_1000": 0.282491,
        "nauc_ndcg_at_1_max": 0.29203,
        "nauc_ndcg_at_1_std": -0.085531,
        "nauc_ndcg_at_1_diff1": 0.297576,
        "nauc_ndcg_at_3_max": 0.33502,
        "nauc_ndcg_at_3_std": -0.091011,
        "nauc_ndcg_at_3_diff1": 0.242061,
        "nauc_ndcg_at_5_max": 0.337592,
        "nauc_ndcg_at_5_std": -0.08272,
        "nauc_ndcg_at_5_diff1": 0.218333,
        "nauc_ndcg_at_10_max": 0.326849,
        "nauc_ndcg_at_10_std": -0.058975,
        "nauc_ndcg_at_10_diff1": 0.20364,
        "nauc_ndcg_at_20_max": 0.317011,
        "nauc_ndcg_at_20_std": -0.048987,
        "nauc_ndcg_at_20_diff1": 0.19166,
        "nauc_ndcg_at_100_max": 0.314774,
        "nauc_ndcg_at_100_std": -0.047607,
        "nauc_ndcg_at_100_diff1": 0.204957,
        "nauc_ndcg_at_1000_max": 0.317265,
        "nauc_ndcg_at_1000_std": -0.058635,
        "nauc_ndcg_at_1000_diff1": 0.218206,
        "nauc_map_at_1_max": 0.29203,
        "nauc_map_at_1_std": -0.085531,
        "nauc_map_at_1_diff1": 0.297576,
        "nauc_map_at_3_max": 0.326218,
        "nauc_map_at_3_std": -0.090691,
        "nauc_map_at_3_diff1": 0.254896,
        "nauc_map_at_5_max": 0.327644,
        "nauc_map_at_5_std": -0.085787,
        "nauc_map_at_5_diff1": 0.240481,
        "nauc_map_at_10_max": 0.322842,
        "nauc_map_at_10_std": -0.075922,
        "nauc_map_at_10_diff1": 0.234103,
        "nauc_map_at_20_max": 0.319604,
        "nauc_map_at_20_std": -0.07352,
        "nauc_map_at_20_diff1": 0.230939,
        "nauc_map_at_100_max": 0.318987,
        "nauc_map_at_100_std": -0.073872,
        "nauc_map_at_100_diff1": 0.2336,
        "nauc_map_at_1000_max": 0.319051,
        "nauc_map_at_1000_std": -0.074224,
        "nauc_map_at_1000_diff1": 0.234106,
        "nauc_recall_at_1_max": 0.29203,
        "nauc_recall_at_1_std": -0.085531,
        "nauc_recall_at_1_diff1": 0.297576,
        "nauc_recall_at_3_max": 0.356285,
        "nauc_recall_at_3_std": -0.091514,
        "nauc_recall_at_3_diff1": 0.210552,
        "nauc_recall_at_5_max": 0.361726,
        "nauc_recall_at_5_std": -0.074194,
        "nauc_recall_at_5_diff1": 0.16269,
        "nauc_recall_at_10_max": 0.333655,
        "nauc_recall_at_10_std": -0.006242,
        "nauc_recall_at_10_diff1": 0.11999,
        "nauc_recall_at_20_max": 0.29979,
        "nauc_recall_at_20_std": 0.040196,
        "nauc_recall_at_20_diff1": 0.064471,
        "nauc_recall_at_100_max": 0.278174,
        "nauc_recall_at_100_std": 0.122778,
        "nauc_recall_at_100_diff1": 0.071045,
        "nauc_recall_at_1000_max": 0.285242,
        "nauc_recall_at_1000_std": 0.20453,
        "nauc_recall_at_1000_diff1": 0.309974,
        "nauc_precision_at_1_max": 0.29203,
        "nauc_precision_at_1_std": -0.085531,
        "nauc_precision_at_1_diff1": 0.297576,
        "nauc_precision_at_3_max": 0.356285,
        "nauc_precision_at_3_std": -0.091514,
        "nauc_precision_at_3_diff1": 0.210552,
        "nauc_precision_at_5_max": 0.361726,
        "nauc_precision_at_5_std": -0.074194,
        "nauc_precision_at_5_diff1": 0.16269,
        "nauc_precision_at_10_max": 0.333655,
        "nauc_precision_at_10_std": -0.006242,
        "nauc_precision_at_10_diff1": 0.11999,
        "nauc_precision_at_20_max": 0.29979,
        "nauc_precision_at_20_std": 0.040196,
        "nauc_precision_at_20_diff1": 0.064471,
        "nauc_precision_at_100_max": 0.278174,
        "nauc_precision_at_100_std": 0.122778,
        "nauc_precision_at_100_diff1": 0.071045,
        "nauc_precision_at_1000_max": 0.285242,
        "nauc_precision_at_1000_std": 0.20453,
        "nauc_precision_at_1000_diff1": 0.309974,
        "nauc_mrr_at_1_max": 0.29203,
        "nauc_mrr_at_1_std": -0.085531,
        "nauc_mrr_at_1_diff1": 0.297576,
        "nauc_mrr_at_3_max": 0.326218,
        "nauc_mrr_at_3_std": -0.090691,
        "nauc_mrr_at_3_diff1": 0.254896,
        "nauc_mrr_at_5_max": 0.327644,
        "nauc_mrr_at_5_std": -0.085787,
        "nauc_mrr_at_5_diff1": 0.240481,
        "nauc_mrr_at_10_max": 0.322842,
        "nauc_mrr_at_10_std": -0.075922,
        "nauc_mrr_at_10_diff1": 0.234103,
        "nauc_mrr_at_20_max": 0.319604,
        "nauc_mrr_at_20_std": -0.07352,
        "nauc_mrr_at_20_diff1": 0.230939,
        "nauc_mrr_at_100_max": 0.318987,
        "nauc_mrr_at_100_std": -0.073872,
        "nauc_mrr_at_100_diff1": 0.2336,
        "nauc_mrr_at_1000_max": 0.319051,
        "nauc_mrr_at_1000_std": -0.074224,
        "nauc_mrr_at_1000_diff1": 0.234106,
        "cv_recall_at_1": 0.16297,
        "cv_recall_at_3": 0.3413,
        "cv_recall_at_5": 0.4198,
        "cv_recall_at_10": 0.52304,
        "cv_recall_at_20": 0.61519,
        "cv_recall_at_100": 0.80973,
        "cv_recall_at_1000": 0.97184,
        "main_score": 0.33083,
        "hf_subset": "default",
        "languages": [
          "eng-Latn"
        ]
      }
    ]
  },
  "evaluation_time": 85.66142725944519,
  "kg_co2_emissions": null
}