{
  "dataset_revision": "61b42fe57d9a44e30f47b9b878b664a95472ec80",
  "task_name": "ARCChallenge",
  "mteb_version": "2.7.26",
  "scores": {
    "test": [
      {
        "ndcg_at_1": 0.12031,
        "ndcg_at_3": 0.19821,
        "ndcg_at_5": 0.22359,
        "ndcg_at_10": 0.25215,
        "ndcg_at_20": 0.27531,
        "ndcg_at_100": 0.31819,
        "ndcg_at_1000": 0.34514,
        "map_at_1": 0.12031,
        "map_at_3": 0.17861,
        "map_at_5": 0.19273,
        "map_at_10": 0.20445,
        "map_at_20": 0.21085,
        "map_at_100": 0.21657,
        "map_at_1000": 0.21757,
        "recall_at_1": 0.12031,
        "recall_at_3": 0.25512,
        "recall_at_5": 0.31655,
        "recall_at_10": 0.40529,
        "recall_at_20": 0.49659,
        "recall_at_100": 0.73123,
        "recall_at_1000": 0.94454,
        "accuracy": 0.12031,
        "precision_at_1": 0.12031,
        "precision_at_3": 0.08504,
        "precision_at_5": 0.06331,
        "precision_at_10": 0.04053,
        "precision_at_20": 0.02483,
        "precision_at_100": 0.00731,
        "precision_at_1000": 0.00094,
        "mrr_at_1": 0.120307,
        "mrr_at_3": 0.178612,
        "mrr_at_5": 0.192733,
        "mrr_at_10": 0.204449,
        "mrr_at_20": 0.210847,
        "mrr_at_100": 0.216575,
        "mrr_at_1000": 0.217567,
        "nauc_ndcg_at_1_max": 0.154751,
        "nauc_ndcg_at_1_std": -0.06291,
        "nauc_ndcg_at_1_diff1": 0.154875,
        "nauc_ndcg_at_3_max": 0.181788,
        "nauc_ndcg_at_3_std": -0.060121,
        "nauc_ndcg_at_3_diff1": 0.140981,
        "nauc_ndcg_at_5_max": 0.179945,
        "nauc_ndcg_at_5_std": -0.068559,
        "nauc_ndcg_at_5_diff1": 0.126141,
        "nauc_ndcg_at_10_max": 0.161176,
        "nauc_ndcg_at_10_std": -0.058345,
        "nauc_ndcg_at_10_diff1": 0.113792,
        "nauc_ndcg_at_20_max": 0.155791,
        "nauc_ndcg_at_20_std": -0.061151,
        "nauc_ndcg_at_20_diff1": 0.109858,
        "nauc_ndcg_at_100_max": 0.147849,
        "nauc_ndcg_at_100_std": -0.049378,
        "nauc_ndcg_at_100_diff1": 0.114131,
        "nauc_ndcg_at_1000_max": 0.148021,
        "nauc_ndcg_at_1000_std": -0.051918,
        "nauc_ndcg_at_1000_diff1": 0.115656,
        "nauc_map_at_1_max": 0.154751,
        "nauc_map_at_1_std": -0.06291,
        "nauc_map_at_1_diff1": 0.154875,
        "nauc_map_at_3_max": 0.178009,
        "nauc_map_at_3_std": -0.060533,
        "nauc_map_at_3_diff1": 0.143459,
        "nauc_map_at_5_max": 0.177483,
        "nauc_map_at_5_std": -0.065231,
        "nauc_map_at_5_diff1": 0.13427,
        "nauc_map_at_10_max": 0.168786,
        "nauc_map_at_10_std": -0.061204,
        "nauc_map_at_10_diff1": 0.128601,
        "nauc_map_at_20_max": 0.167069,
        "nauc_map_at_20_std": -0.062071,
        "nauc_map_at_20_diff1": 0.12741,
        "nauc_map_at_100_max": 0.16548,
        "nauc_map_at_100_std": -0.060547,
        "nauc_map_at_100_diff1": 0.127588,
        "nauc_map_at_1000_max": 0.165295,
        "nauc_map_at_1000_std": -0.06067,
        "nauc_map_at_1000_diff1": 0.12769,
        "nauc_recall_at_1_max": 0.154751,
        "nauc_recall_at_1_std": -0.06291,
        "nauc_recall_at_1_diff1": 0.154875,
        "nauc_recall_at_3_max": 0.190005,
        "nauc_recall_at_3_std": -0.059215,
        "nauc_recall_at_3_diff1": 0.135358,
        "nauc_recall_at_5_max": 0.184199,
        "nauc_recall_at_5_std": -0.077072,
        "nauc_recall_at_5_diff1": 0.107152,
        "nauc_recall_at_10_max": 0.138913,
        "nauc_recall_at_10_std": -0.049502,
        "nauc_recall_at_10_diff1": 0.077675,
        "nauc_recall_at_20_max": 0.121651,
        "nauc_recall_at_20_std": -0.058112,
        "nauc_recall_at_20_diff1": 0.064282,
        "nauc_recall_at_100_max": 0.067488,
        "nauc_recall_at_100_std": 0.016559,
        "nauc_recall_at_100_diff1": 0.077786,
        "nauc_recall_at_1000_max": -0.126174,
        "nauc_recall_at_1000_std": 0.15189,
        "nauc_recall_at_1000_diff1": 0.005289,
        "nauc_precision_at_1_max": 0.154751,
        "nauc_precision_at_1_std": -0.06291,
        "nauc_precision_at_1_diff1": 0.154875,
        "nauc_precision_at_3_max": 0.190005,
        "nauc_precision_at_3_std": -0.059215,
        "nauc_precision_at_3_diff1": 0.135358,
        "nauc_precision_at_5_max": 0.184199,
        "nauc_precision_at_5_std": -0.077072,
        "nauc_precision_at_5_diff1": 0.107152,
        "nauc_precision_at_10_max": 0.138913,
        "nauc_precision_at_10_std": -0.049502,
        "nauc_precision_at_10_diff1": 0.077675,
        "nauc_precision_at_20_max": 0.121651,
        "nauc_precision_at_20_std": -0.058112,
        "nauc_precision_at_20_diff1": 0.064282,
        "nauc_precision_at_100_max": 0.067488,
        "nauc_precision_at_100_std": 0.016559,
        "nauc_precision_at_100_diff1": 0.077786,
        "nauc_precision_at_1000_max": -0.126174,
        "nauc_precision_at_1000_std": 0.15189,
        "nauc_precision_at_1000_diff1": 0.005289,
        "nauc_mrr_at_1_max": 0.154751,
        "nauc_mrr_at_1_std": -0.06291,
        "nauc_mrr_at_1_diff1": 0.154875,
        "nauc_mrr_at_3_max": 0.178009,
        "nauc_mrr_at_3_std": -0.060533,
        "nauc_mrr_at_3_diff1": 0.143459,
        "nauc_mrr_at_5_max": 0.177483,
        "nauc_mrr_at_5_std": -0.065231,
        "nauc_mrr_at_5_diff1": 0.13427,
        "nauc_mrr_at_10_max": 0.168786,
        "nauc_mrr_at_10_std": -0.061204,
        "nauc_mrr_at_10_diff1": 0.128601,
        "nauc_mrr_at_20_max": 0.167069,
        "nauc_mrr_at_20_std": -0.062071,
        "nauc_mrr_at_20_diff1": 0.12741,
        "nauc_mrr_at_100_max": 0.16548,
        "nauc_mrr_at_100_std": -0.060547,
        "nauc_mrr_at_100_diff1": 0.127588,
        "nauc_mrr_at_1000_max": 0.165295,
        "nauc_mrr_at_1000_std": -0.06067,
        "nauc_mrr_at_1000_diff1": 0.12769,
        "cv_recall_at_1": 0.12031,
        "cv_recall_at_3": 0.25512,
        "cv_recall_at_5": 0.31655,
        "cv_recall_at_10": 0.40529,
        "cv_recall_at_20": 0.49659,
        "cv_recall_at_100": 0.73123,
        "cv_recall_at_1000": 0.94454,
        "main_score": 0.25215,
        "hf_subset": "default",
        "languages": [
          "eng-Latn"
        ]
      }
    ]
  },
  "evaluation_time": 243.0494508743286,
  "kg_co2_emissions": null
}