{
  "dataset_revision": "49c07b6",
  "task_name": "BarExamQA",
  "mteb_version": "2.7.26",
  "scores": {
    "test": [
      {
        "ndcg_at_1": 0.41026,
        "ndcg_at_3": 0.55118,
        "ndcg_at_5": 0.57913,
        "ndcg_at_10": 0.61363,
        "ndcg_at_20": 0.63746,
        "ndcg_at_100": 0.65224,
        "ndcg_at_1000": 0.65224,
        "map_at_1": 0.41026,
        "map_at_3": 0.51709,
        "map_at_5": 0.53248,
        "map_at_10": 0.54588,
        "map_at_20": 0.55246,
        "map_at_100": 0.55468,
        "map_at_1000": 0.55468,
        "recall_at_1": 0.41026,
        "recall_at_3": 0.64957,
        "recall_at_5": 0.71795,
        "recall_at_10": 0.82906,
        "recall_at_20": 0.92308,
        "recall_at_100": 1.0,
        "recall_at_1000": 1.0,
        "accuracy": 0.41026,
        "precision_at_1": 0.41026,
        "precision_at_3": 0.21652,
        "precision_at_5": 0.14359,
        "precision_at_10": 0.08291,
        "precision_at_20": 0.04615,
        "precision_at_100": 0.01,
        "precision_at_1000": 0.001,
        "mrr_at_1": 0.410256,
        "mrr_at_3": 0.517094,
        "mrr_at_5": 0.532479,
        "mrr_at_10": 0.545879,
        "mrr_at_20": 0.552462,
        "mrr_at_100": 0.554679,
        "mrr_at_1000": 0.554679,
        "nauc_ndcg_at_1_max": 0.232468,
        "nauc_ndcg_at_1_std": -0.15915,
        "nauc_ndcg_at_1_diff1": 0.392936,
        "nauc_ndcg_at_3_max": 0.282305,
        "nauc_ndcg_at_3_std": -0.122754,
        "nauc_ndcg_at_3_diff1": 0.371149,
        "nauc_ndcg_at_5_max": 0.314461,
        "nauc_ndcg_at_5_std": -0.127986,
        "nauc_ndcg_at_5_diff1": 0.39461,
        "nauc_ndcg_at_10_max": 0.297159,
        "nauc_ndcg_at_10_std": -0.122348,
        "nauc_ndcg_at_10_diff1": 0.397471,
        "nauc_ndcg_at_20_max": 0.279368,
        "nauc_ndcg_at_20_std": -0.149651,
        "nauc_ndcg_at_20_diff1": 0.3913,
        "nauc_ndcg_at_100_max": 0.280971,
        "nauc_ndcg_at_100_std": -0.138963,
        "nauc_ndcg_at_100_diff1": 0.386088,
        "nauc_ndcg_at_1000_max": 0.280971,
        "nauc_ndcg_at_1000_std": -0.138963,
        "nauc_ndcg_at_1000_diff1": 0.386088,
        "nauc_map_at_1_max": 0.232468,
        "nauc_map_at_1_std": -0.15915,
        "nauc_map_at_1_diff1": 0.392936,
        "nauc_map_at_3_max": 0.273039,
        "nauc_map_at_3_std": -0.130429,
        "nauc_map_at_3_diff1": 0.373956,
        "nauc_map_at_5_max": 0.290013,
        "nauc_map_at_5_std": -0.133618,
        "nauc_map_at_5_diff1": 0.385159,
        "nauc_map_at_10_max": 0.282851,
        "nauc_map_at_10_std": -0.132487,
        "nauc_map_at_10_diff1": 0.385881,
        "nauc_map_at_20_max": 0.277174,
        "nauc_map_at_20_std": -0.140892,
        "nauc_map_at_20_diff1": 0.384691,
        "nauc_map_at_100_max": 0.277275,
        "nauc_map_at_100_std": -0.139077,
        "nauc_map_at_100_diff1": 0.383824,
        "nauc_map_at_1000_max": 0.277275,
        "nauc_map_at_1000_std": -0.139077,
        "nauc_map_at_1000_diff1": 0.383824,
        "nauc_recall_at_1_max": 0.232468,
        "nauc_recall_at_1_std": -0.15915,
        "nauc_recall_at_1_diff1": 0.392936,
        "nauc_recall_at_3_max": 0.31123,
        "nauc_recall_at_3_std": -0.098184,
        "nauc_recall_at_3_diff1": 0.363223,
        "nauc_recall_at_5_max": 0.409695,
        "nauc_recall_at_5_std": -0.108452,
        "nauc_recall_at_5_diff1": 0.438098,
        "nauc_recall_at_10_max": 0.367919,
        "nauc_recall_at_10_std": -0.061248,
        "nauc_recall_at_10_diff1": 0.475662,
        "nauc_recall_at_20_max": 0.252354,
        "nauc_recall_at_20_std": -0.292963,
        "nauc_recall_at_20_diff1": 0.467391,
        "nauc_recall_at_100_max": NaN,
        "nauc_recall_at_100_std": NaN,
        "nauc_recall_at_100_diff1": NaN,
        "nauc_recall_at_1000_max": NaN,
        "nauc_recall_at_1000_std": NaN,
        "nauc_recall_at_1000_diff1": NaN,
        "nauc_precision_at_1_max": 0.232468,
        "nauc_precision_at_1_std": -0.15915,
        "nauc_precision_at_1_diff1": 0.392936,
        "nauc_precision_at_3_max": 0.31123,
        "nauc_precision_at_3_std": -0.098184,
        "nauc_precision_at_3_diff1": 0.363223,
        "nauc_precision_at_5_max": 0.409695,
        "nauc_precision_at_5_std": -0.108452,
        "nauc_precision_at_5_diff1": 0.438098,
        "nauc_precision_at_10_max": 0.367919,
        "nauc_precision_at_10_std": -0.061248,
        "nauc_precision_at_10_diff1": 0.475662,
        "nauc_precision_at_20_max": 0.252354,
        "nauc_precision_at_20_std": -0.292963,
        "nauc_precision_at_20_diff1": 0.467391,
        "nauc_precision_at_100_max": NaN,
        "nauc_precision_at_100_std": NaN,
        "nauc_precision_at_100_diff1": NaN,
        "nauc_precision_at_1000_max": 1.0,
        "nauc_precision_at_1000_std": 1.0,
        "nauc_precision_at_1000_diff1": 1.0,
        "nauc_mrr_at_1_max": 0.232468,
        "nauc_mrr_at_1_std": -0.15915,
        "nauc_mrr_at_1_diff1": 0.392936,
        "nauc_mrr_at_3_max": 0.273039,
        "nauc_mrr_at_3_std": -0.130429,
        "nauc_mrr_at_3_diff1": 0.373956,
        "nauc_mrr_at_5_max": 0.290013,
        "nauc_mrr_at_5_std": -0.133618,
        "nauc_mrr_at_5_diff1": 0.385159,
        "nauc_mrr_at_10_max": 0.282851,
        "nauc_mrr_at_10_std": -0.132487,
        "nauc_mrr_at_10_diff1": 0.385881,
        "nauc_mrr_at_20_max": 0.277174,
        "nauc_mrr_at_20_std": -0.140892,
        "nauc_mrr_at_20_diff1": 0.384691,
        "nauc_mrr_at_100_max": 0.277275,
        "nauc_mrr_at_100_std": -0.139077,
        "nauc_mrr_at_100_diff1": 0.383824,
        "nauc_mrr_at_1000_max": 0.277275,
        "nauc_mrr_at_1000_std": -0.139077,
        "nauc_mrr_at_1000_diff1": 0.383824,
        "cv_recall_at_1": 0.41026,
        "cv_recall_at_3": 0.64957,
        "cv_recall_at_5": 0.71795,
        "cv_recall_at_10": 0.82906,
        "cv_recall_at_20": 0.92308,
        "cv_recall_at_100": 1.0,
        "cv_recall_at_1000": 1.0,
        "main_score": 0.61363,
        "hf_subset": "default",
        "languages": [
          "eng-Latn"
        ]
      }
    ]
  },
  "evaluation_time": 4.4445271492004395,
  "kg_co2_emissions": null
}