{
  "dataset_revision": "49c07b6",
  "task_name": "BarExamQA",
  "mteb_version": "2.7.26",
  "scores": {
    "test": [
      {
        "ndcg_at_1": 0.36752,
        "ndcg_at_3": 0.52889,
        "ndcg_at_5": 0.55684,
        "ndcg_at_10": 0.58927,
        "ndcg_at_20": 0.60659,
        "ndcg_at_100": 0.62992,
        "ndcg_at_1000": 0.62992,
        "map_at_1": 0.36752,
        "map_at_3": 0.49003,
        "map_at_5": 0.50541,
        "map_at_10": 0.51839,
        "map_at_20": 0.52315,
        "map_at_100": 0.52677,
        "map_at_1000": 0.52677,
        "recall_at_1": 0.36752,
        "recall_at_3": 0.64103,
        "recall_at_5": 0.7094,
        "recall_at_10": 0.81197,
        "recall_at_20": 0.88034,
        "recall_at_100": 1.0,
        "recall_at_1000": 1.0,
        "accuracy": 0.36752,
        "precision_at_1": 0.36752,
        "precision_at_3": 0.21368,
        "precision_at_5": 0.14188,
        "precision_at_10": 0.0812,
        "precision_at_20": 0.04402,
        "precision_at_100": 0.01,
        "precision_at_1000": 0.001,
        "mrr_at_1": 0.367521,
        "mrr_at_3": 0.490028,
        "mrr_at_5": 0.505413,
        "mrr_at_10": 0.518386,
        "mrr_at_20": 0.523149,
        "mrr_at_100": 0.526772,
        "mrr_at_1000": 0.526772,
        "nauc_ndcg_at_1_max": 0.162214,
        "nauc_ndcg_at_1_std": -0.137087,
        "nauc_ndcg_at_1_diff1": 0.430848,
        "nauc_ndcg_at_3_max": 0.236357,
        "nauc_ndcg_at_3_std": -0.116557,
        "nauc_ndcg_at_3_diff1": 0.419082,
        "nauc_ndcg_at_5_max": 0.253507,
        "nauc_ndcg_at_5_std": -0.076415,
        "nauc_ndcg_at_5_diff1": 0.381671,
        "nauc_ndcg_at_10_max": 0.24113,
        "nauc_ndcg_at_10_std": -0.110957,
        "nauc_ndcg_at_10_diff1": 0.412487,
        "nauc_ndcg_at_20_max": 0.225148,
        "nauc_ndcg_at_20_std": -0.117336,
        "nauc_ndcg_at_20_diff1": 0.407218,
        "nauc_ndcg_at_100_max": 0.225358,
        "nauc_ndcg_at_100_std": -0.113362,
        "nauc_ndcg_at_100_diff1": 0.405812,
        "nauc_ndcg_at_1000_max": 0.225358,
        "nauc_ndcg_at_1000_std": -0.113362,
        "nauc_ndcg_at_1000_diff1": 0.405812,
        "nauc_map_at_1_max": 0.162214,
        "nauc_map_at_1_std": -0.137087,
        "nauc_map_at_1_diff1": 0.430848,
        "nauc_map_at_3_max": 0.219509,
        "nauc_map_at_3_std": -0.123251,
        "nauc_map_at_3_diff1": 0.419731,
        "nauc_map_at_5_max": 0.228707,
        "nauc_map_at_5_std": -0.101769,
        "nauc_map_at_5_diff1": 0.400253,
        "nauc_map_at_10_max": 0.223164,
        "nauc_map_at_10_std": -0.115993,
        "nauc_map_at_10_diff1": 0.410415,
        "nauc_map_at_20_max": 0.218929,
        "nauc_map_at_20_std": -0.117703,
        "nauc_map_at_20_diff1": 0.408765,
        "nauc_map_at_100_max": 0.21912,
        "nauc_map_at_100_std": -0.116681,
        "nauc_map_at_100_diff1": 0.408514,
        "nauc_map_at_1000_max": 0.21912,
        "nauc_map_at_1000_std": -0.116681,
        "nauc_map_at_1000_diff1": 0.408514,
        "nauc_recall_at_1_max": 0.162214,
        "nauc_recall_at_1_std": -0.137087,
        "nauc_recall_at_1_diff1": 0.430848,
        "nauc_recall_at_3_max": 0.290295,
        "nauc_recall_at_3_std": -0.09404,
        "nauc_recall_at_3_diff1": 0.418085,
        "nauc_recall_at_5_max": 0.345542,
        "nauc_recall_at_5_std": 0.024073,
        "nauc_recall_at_5_diff1": 0.307455,
        "nauc_recall_at_10_max": 0.325445,
        "nauc_recall_at_10_std": -0.097184,
        "nauc_recall_at_10_diff1": 0.444355,
        "nauc_recall_at_20_max": 0.229693,
        "nauc_recall_at_20_std": -0.144053,
        "nauc_recall_at_20_diff1": 0.420991,
        "nauc_recall_at_100_max": NaN,
        "nauc_recall_at_100_std": NaN,
        "nauc_recall_at_100_diff1": NaN,
        "nauc_recall_at_1000_max": NaN,
        "nauc_recall_at_1000_std": NaN,
        "nauc_recall_at_1000_diff1": NaN,
        "nauc_precision_at_1_max": 0.162214,
        "nauc_precision_at_1_std": -0.137087,
        "nauc_precision_at_1_diff1": 0.430848,
        "nauc_precision_at_3_max": 0.290295,
        "nauc_precision_at_3_std": -0.09404,
        "nauc_precision_at_3_diff1": 0.418085,
        "nauc_precision_at_5_max": 0.345542,
        "nauc_precision_at_5_std": 0.024073,
        "nauc_precision_at_5_diff1": 0.307455,
        "nauc_precision_at_10_max": 0.325445,
        "nauc_precision_at_10_std": -0.097184,
        "nauc_precision_at_10_diff1": 0.444355,
        "nauc_precision_at_20_max": 0.229693,
        "nauc_precision_at_20_std": -0.144053,
        "nauc_precision_at_20_diff1": 0.420991,
        "nauc_precision_at_100_max": NaN,
        "nauc_precision_at_100_std": NaN,
        "nauc_precision_at_100_diff1": NaN,
        "nauc_precision_at_1000_max": 1.0,
        "nauc_precision_at_1000_std": 1.0,
        "nauc_precision_at_1000_diff1": 1.0,
        "nauc_mrr_at_1_max": 0.162214,
        "nauc_mrr_at_1_std": -0.137087,
        "nauc_mrr_at_1_diff1": 0.430848,
        "nauc_mrr_at_3_max": 0.219509,
        "nauc_mrr_at_3_std": -0.123251,
        "nauc_mrr_at_3_diff1": 0.419731,
        "nauc_mrr_at_5_max": 0.228707,
        "nauc_mrr_at_5_std": -0.101769,
        "nauc_mrr_at_5_diff1": 0.400253,
        "nauc_mrr_at_10_max": 0.223164,
        "nauc_mrr_at_10_std": -0.115993,
        "nauc_mrr_at_10_diff1": 0.410415,
        "nauc_mrr_at_20_max": 0.218929,
        "nauc_mrr_at_20_std": -0.117703,
        "nauc_mrr_at_20_diff1": 0.408765,
        "nauc_mrr_at_100_max": 0.21912,
        "nauc_mrr_at_100_std": -0.116681,
        "nauc_mrr_at_100_diff1": 0.408514,
        "nauc_mrr_at_1000_max": 0.21912,
        "nauc_mrr_at_1000_std": -0.116681,
        "nauc_mrr_at_1000_diff1": 0.408514,
        "cv_recall_at_1": 0.36752,
        "cv_recall_at_3": 0.64103,
        "cv_recall_at_5": 0.7094,
        "cv_recall_at_10": 0.81197,
        "cv_recall_at_20": 0.88034,
        "cv_recall_at_100": 1.0,
        "cv_recall_at_1000": 1.0,
        "main_score": 0.58927,
        "hf_subset": "default",
        "languages": [
          "eng-Latn"
        ]
      }
    ]
  },
  "evaluation_time": 2.2526211738586426,
  "kg_co2_emissions": null
}