{
  "dataset_revision": "61b42fe57d9a44e30f47b9b878b664a95472ec80",
  "task_name": "ARCChallenge",
  "mteb_version": "2.7.26",
  "scores": {
    "test": [
      {
        "ndcg_at_1": 0.12031,
        "ndcg_at_3": 0.19669,
        "ndcg_at_5": 0.22137,
        "ndcg_at_10": 0.25006,
        "ndcg_at_20": 0.27504,
        "ndcg_at_100": 0.31811,
        "ndcg_at_1000": 0.34474,
        "map_at_1": 0.12031,
        "map_at_3": 0.17719,
        "map_at_5": 0.19093,
        "map_at_10": 0.20293,
        "map_at_20": 0.20977,
        "map_at_100": 0.21544,
        "map_at_1000": 0.2164,
        "recall_at_1": 0.12031,
        "recall_at_3": 0.25341,
        "recall_at_5": 0.31314,
        "recall_at_10": 0.40102,
        "recall_at_20": 0.5,
        "recall_at_100": 0.73635,
        "recall_at_1000": 0.94795,
        "accuracy": 0.12031,
        "precision_at_1": 0.12031,
        "precision_at_3": 0.08447,
        "precision_at_5": 0.06263,
        "precision_at_10": 0.0401,
        "precision_at_20": 0.025,
        "precision_at_100": 0.00736,
        "precision_at_1000": 0.00095,
        "mrr_at_1": 0.120307,
        "mrr_at_3": 0.17719,
        "mrr_at_5": 0.190927,
        "mrr_at_10": 0.202927,
        "mrr_at_20": 0.209765,
        "mrr_at_100": 0.215436,
        "mrr_at_1000": 0.216399,
        "nauc_ndcg_at_1_max": 0.140482,
        "nauc_ndcg_at_1_std": -0.07715,
        "nauc_ndcg_at_1_diff1": 0.133321,
        "nauc_ndcg_at_3_max": 0.160524,
        "nauc_ndcg_at_3_std": -0.072963,
        "nauc_ndcg_at_3_diff1": 0.124063,
        "nauc_ndcg_at_5_max": 0.157805,
        "nauc_ndcg_at_5_std": -0.069824,
        "nauc_ndcg_at_5_diff1": 0.118234,
        "nauc_ndcg_at_10_max": 0.141211,
        "nauc_ndcg_at_10_std": -0.070534,
        "nauc_ndcg_at_10_diff1": 0.113627,
        "nauc_ndcg_at_20_max": 0.136673,
        "nauc_ndcg_at_20_std": -0.069137,
        "nauc_ndcg_at_20_diff1": 0.111769,
        "nauc_ndcg_at_100_max": 0.129562,
        "nauc_ndcg_at_100_std": -0.057053,
        "nauc_ndcg_at_100_diff1": 0.110846,
        "nauc_ndcg_at_1000_max": 0.132318,
        "nauc_ndcg_at_1000_std": -0.059825,
        "nauc_ndcg_at_1000_diff1": 0.113511,
        "nauc_map_at_1_max": 0.140482,
        "nauc_map_at_1_std": -0.07715,
        "nauc_map_at_1_diff1": 0.133321,
        "nauc_map_at_3_max": 0.157709,
        "nauc_map_at_3_std": -0.072595,
        "nauc_map_at_3_diff1": 0.127078,
        "nauc_map_at_5_max": 0.156739,
        "nauc_map_at_5_std": -0.070426,
        "nauc_map_at_5_diff1": 0.124054,
        "nauc_map_at_10_max": 0.149289,
        "nauc_map_at_10_std": -0.070481,
        "nauc_map_at_10_diff1": 0.122119,
        "nauc_map_at_20_max": 0.147659,
        "nauc_map_at_20_std": -0.069977,
        "nauc_map_at_20_diff1": 0.121323,
        "nauc_map_at_100_max": 0.146476,
        "nauc_map_at_100_std": -0.068319,
        "nauc_map_at_100_diff1": 0.120704,
        "nauc_map_at_1000_max": 0.146441,
        "nauc_map_at_1000_std": -0.068398,
        "nauc_map_at_1000_diff1": 0.120771,
        "nauc_recall_at_1_max": 0.140482,
        "nauc_recall_at_1_std": -0.07715,
        "nauc_recall_at_1_diff1": 0.133321,
        "nauc_recall_at_3_max": 0.166633,
        "nauc_recall_at_3_std": -0.074183,
        "nauc_recall_at_3_diff1": 0.116767,
        "nauc_recall_at_5_max": 0.158944,
        "nauc_recall_at_5_std": -0.068792,
        "nauc_recall_at_5_diff1": 0.10415,
        "nauc_recall_at_10_max": 0.118301,
        "nauc_recall_at_10_std": -0.071453,
        "nauc_recall_at_10_diff1": 0.092792,
        "nauc_recall_at_20_max": 0.104572,
        "nauc_recall_at_20_std": -0.067647,
        "nauc_recall_at_20_diff1": 0.087641,
        "nauc_recall_at_100_max": 0.049955,
        "nauc_recall_at_100_std": 0.006425,
        "nauc_recall_at_100_diff1": 0.079642,
        "nauc_recall_at_1000_max": -0.069713,
        "nauc_recall_at_1000_std": 0.122215,
        "nauc_recall_at_1000_diff1": 0.082911,
        "nauc_precision_at_1_max": 0.140482,
        "nauc_precision_at_1_std": -0.07715,
        "nauc_precision_at_1_diff1": 0.133321,
        "nauc_precision_at_3_max": 0.166633,
        "nauc_precision_at_3_std": -0.074183,
        "nauc_precision_at_3_diff1": 0.116767,
        "nauc_precision_at_5_max": 0.158944,
        "nauc_precision_at_5_std": -0.068792,
        "nauc_precision_at_5_diff1": 0.10415,
        "nauc_precision_at_10_max": 0.118301,
        "nauc_precision_at_10_std": -0.071453,
        "nauc_precision_at_10_diff1": 0.092792,
        "nauc_precision_at_20_max": 0.104572,
        "nauc_precision_at_20_std": -0.067647,
        "nauc_precision_at_20_diff1": 0.087641,
        "nauc_precision_at_100_max": 0.049955,
        "nauc_precision_at_100_std": 0.006425,
        "nauc_precision_at_100_diff1": 0.079642,
        "nauc_precision_at_1000_max": -0.069713,
        "nauc_precision_at_1000_std": 0.122215,
        "nauc_precision_at_1000_diff1": 0.082911,
        "nauc_mrr_at_1_max": 0.140482,
        "nauc_mrr_at_1_std": -0.07715,
        "nauc_mrr_at_1_diff1": 0.133321,
        "nauc_mrr_at_3_max": 0.157709,
        "nauc_mrr_at_3_std": -0.072595,
        "nauc_mrr_at_3_diff1": 0.127078,
        "nauc_mrr_at_5_max": 0.156739,
        "nauc_mrr_at_5_std": -0.070426,
        "nauc_mrr_at_5_diff1": 0.124054,
        "nauc_mrr_at_10_max": 0.149289,
        "nauc_mrr_at_10_std": -0.070481,
        "nauc_mrr_at_10_diff1": 0.122119,
        "nauc_mrr_at_20_max": 0.147659,
        "nauc_mrr_at_20_std": -0.069977,
        "nauc_mrr_at_20_diff1": 0.121323,
        "nauc_mrr_at_100_max": 0.146476,
        "nauc_mrr_at_100_std": -0.068319,
        "nauc_mrr_at_100_diff1": 0.120704,
        "nauc_mrr_at_1000_max": 0.146441,
        "nauc_mrr_at_1000_std": -0.068398,
        "nauc_mrr_at_1000_diff1": 0.120771,
        "cv_recall_at_1": 0.12031,
        "cv_recall_at_3": 0.25341,
        "cv_recall_at_5": 0.31314,
        "cv_recall_at_10": 0.40102,
        "cv_recall_at_20": 0.5,
        "cv_recall_at_100": 0.73635,
        "cv_recall_at_1000": 0.94795,
        "main_score": 0.25006,
        "hf_subset": "default",
        "languages": [
          "eng-Latn"
        ]
      }
    ]
  },
  "evaluation_time": 241.1434187889099,
  "kg_co2_emissions": null
}