{
  "dataset_revision": "61b42fe57d9a44e30f47b9b878b664a95472ec80",
  "task_name": "ARCChallenge",
  "mteb_version": "2.7.26",
  "scores": {
    "test": [
      {
        "ndcg_at_1": 0.12628,
        "ndcg_at_3": 0.20747,
        "ndcg_at_5": 0.24422,
        "ndcg_at_10": 0.27596,
        "ndcg_at_20": 0.29761,
        "ndcg_at_100": 0.33668,
        "ndcg_at_1000": 0.3614,
        "map_at_1": 0.12628,
        "map_at_3": 0.18643,
        "map_at_5": 0.20674,
        "map_at_10": 0.21985,
        "map_at_20": 0.2256,
        "map_at_100": 0.23089,
        "map_at_1000": 0.23176,
        "recall_at_1": 0.12628,
        "recall_at_3": 0.26877,
        "recall_at_5": 0.35836,
        "recall_at_10": 0.45648,
        "recall_at_20": 0.54352,
        "recall_at_100": 0.75597,
        "recall_at_1000": 0.95392,
        "accuracy": 0.12628,
        "precision_at_1": 0.12628,
        "precision_at_3": 0.08959,
        "precision_at_5": 0.07167,
        "precision_at_10": 0.04565,
        "precision_at_20": 0.02718,
        "precision_at_100": 0.00756,
        "precision_at_1000": 0.00095,
        "mrr_at_1": 0.12628,
        "mrr_at_3": 0.186433,
        "mrr_at_5": 0.206741,
        "mrr_at_10": 0.219845,
        "mrr_at_20": 0.225604,
        "mrr_at_100": 0.230885,
        "mrr_at_1000": 0.231756,
        "nauc_ndcg_at_1_max": 0.234995,
        "nauc_ndcg_at_1_std": -0.082661,
        "nauc_ndcg_at_1_diff1": 0.24161,
        "nauc_ndcg_at_3_max": 0.285676,
        "nauc_ndcg_at_3_std": -0.083207,
        "nauc_ndcg_at_3_diff1": 0.207931,
        "nauc_ndcg_at_5_max": 0.294095,
        "nauc_ndcg_at_5_std": -0.071835,
        "nauc_ndcg_at_5_diff1": 0.179046,
        "nauc_ndcg_at_10_max": 0.283379,
        "nauc_ndcg_at_10_std": -0.051574,
        "nauc_ndcg_at_10_diff1": 0.163721,
        "nauc_ndcg_at_20_max": 0.277244,
        "nauc_ndcg_at_20_std": -0.053522,
        "nauc_ndcg_at_20_diff1": 0.166749,
        "nauc_ndcg_at_100_max": 0.269818,
        "nauc_ndcg_at_100_std": -0.034566,
        "nauc_ndcg_at_100_diff1": 0.171131,
        "nauc_ndcg_at_1000_max": 0.274884,
        "nauc_ndcg_at_1000_std": -0.044096,
        "nauc_ndcg_at_1000_diff1": 0.179836,
        "nauc_map_at_1_max": 0.234995,
        "nauc_map_at_1_std": -0.082661,
        "nauc_map_at_1_diff1": 0.24161,
        "nauc_map_at_3_max": 0.277165,
        "nauc_map_at_3_std": -0.081895,
        "nauc_map_at_3_diff1": 0.214039,
        "nauc_map_at_5_max": 0.282844,
        "nauc_map_at_5_std": -0.075148,
        "nauc_map_at_5_diff1": 0.19661,
        "nauc_map_at_10_max": 0.277735,
        "nauc_map_at_10_std": -0.065522,
        "nauc_map_at_10_diff1": 0.18968,
        "nauc_map_at_20_max": 0.275923,
        "nauc_map_at_20_std": -0.066072,
        "nauc_map_at_20_diff1": 0.190343,
        "nauc_map_at_100_max": 0.274527,
        "nauc_map_at_100_std": -0.063344,
        "nauc_map_at_100_diff1": 0.19101,
        "nauc_map_at_1000_max": 0.27468,
        "nauc_map_at_1000_std": -0.063651,
        "nauc_map_at_1000_diff1": 0.191312,
        "nauc_recall_at_1_max": 0.234995,
        "nauc_recall_at_1_std": -0.082661,
        "nauc_recall_at_1_diff1": 0.24161,
        "nauc_recall_at_3_max": 0.304784,
        "nauc_recall_at_3_std": -0.086604,
        "nauc_recall_at_3_diff1": 0.194049,
        "nauc_recall_at_5_max": 0.318658,
        "nauc_recall_at_5_std": -0.063692,
        "nauc_recall_at_5_diff1": 0.137804,
        "nauc_recall_at_10_max": 0.292986,
        "nauc_recall_at_10_std": -0.014845,
        "nauc_recall_at_10_diff1": 0.099387,
        "nauc_recall_at_20_max": 0.27285,
        "nauc_recall_at_20_std": -0.019566,
        "nauc_recall_at_20_diff1": 0.107658,
        "nauc_recall_at_100_max": 0.229668,
        "nauc_recall_at_100_std": 0.11873,
        "nauc_recall_at_100_diff1": 0.107244,
        "nauc_recall_at_1000_max": 0.310984,
        "nauc_recall_at_1000_std": 0.277274,
        "nauc_recall_at_1000_diff1": 0.252259,
        "nauc_precision_at_1_max": 0.234995,
        "nauc_precision_at_1_std": -0.082661,
        "nauc_precision_at_1_diff1": 0.24161,
        "nauc_precision_at_3_max": 0.304784,
        "nauc_precision_at_3_std": -0.086604,
        "nauc_precision_at_3_diff1": 0.194049,
        "nauc_precision_at_5_max": 0.318658,
        "nauc_precision_at_5_std": -0.063692,
        "nauc_precision_at_5_diff1": 0.137804,
        "nauc_precision_at_10_max": 0.292986,
        "nauc_precision_at_10_std": -0.014845,
        "nauc_precision_at_10_diff1": 0.099387,
        "nauc_precision_at_20_max": 0.27285,
        "nauc_precision_at_20_std": -0.019566,
        "nauc_precision_at_20_diff1": 0.107658,
        "nauc_precision_at_100_max": 0.229668,
        "nauc_precision_at_100_std": 0.11873,
        "nauc_precision_at_100_diff1": 0.107244,
        "nauc_precision_at_1000_max": 0.310984,
        "nauc_precision_at_1000_std": 0.277274,
        "nauc_precision_at_1000_diff1": 0.252259,
        "nauc_mrr_at_1_max": 0.234995,
        "nauc_mrr_at_1_std": -0.082661,
        "nauc_mrr_at_1_diff1": 0.24161,
        "nauc_mrr_at_3_max": 0.277165,
        "nauc_mrr_at_3_std": -0.081895,
        "nauc_mrr_at_3_diff1": 0.214039,
        "nauc_mrr_at_5_max": 0.282844,
        "nauc_mrr_at_5_std": -0.075148,
        "nauc_mrr_at_5_diff1": 0.19661,
        "nauc_mrr_at_10_max": 0.277735,
        "nauc_mrr_at_10_std": -0.065522,
        "nauc_mrr_at_10_diff1": 0.18968,
        "nauc_mrr_at_20_max": 0.275923,
        "nauc_mrr_at_20_std": -0.066072,
        "nauc_mrr_at_20_diff1": 0.190343,
        "nauc_mrr_at_100_max": 0.274527,
        "nauc_mrr_at_100_std": -0.063344,
        "nauc_mrr_at_100_diff1": 0.19101,
        "nauc_mrr_at_1000_max": 0.27468,
        "nauc_mrr_at_1000_std": -0.063651,
        "nauc_mrr_at_1000_diff1": 0.191312,
        "cv_recall_at_1": 0.12628,
        "cv_recall_at_3": 0.26877,
        "cv_recall_at_5": 0.35836,
        "cv_recall_at_10": 0.45648,
        "cv_recall_at_20": 0.54352,
        "cv_recall_at_100": 0.75597,
        "cv_recall_at_1000": 0.95392,
        "main_score": 0.27596,
        "hf_subset": "default",
        "languages": [
          "eng-Latn"
        ]
      }
    ]
  },
  "evaluation_time": 85.53478693962097,
  "kg_co2_emissions": null
}