{
  "dataset_revision": "49c07b6",
  "task_name": "BarExamQA",
  "mteb_version": "2.7.26",
  "scores": {
    "test": [
      {
        "ndcg_at_1": 0.37607,
        "ndcg_at_3": 0.47385,
        "ndcg_at_5": 0.51247,
        "ndcg_at_10": 0.54837,
        "ndcg_at_20": 0.5723,
        "ndcg_at_100": 0.60291,
        "ndcg_at_1000": 0.60291,
        "map_at_1": 0.37607,
        "map_at_3": 0.44872,
        "map_at_5": 0.47009,
        "map_at_10": 0.48489,
        "map_at_20": 0.49153,
        "map_at_100": 0.49661,
        "map_at_1000": 0.49661,
        "recall_at_1": 0.37607,
        "recall_at_3": 0.54701,
        "recall_at_5": 0.64103,
        "recall_at_10": 0.75214,
        "recall_at_20": 0.84615,
        "recall_at_100": 1.0,
        "recall_at_1000": 1.0,
        "accuracy": 0.37607,
        "precision_at_1": 0.37607,
        "precision_at_3": 0.18234,
        "precision_at_5": 0.12821,
        "precision_at_10": 0.07521,
        "precision_at_20": 0.04231,
        "precision_at_100": 0.01,
        "precision_at_1000": 0.001,
        "mrr_at_1": 0.376068,
        "mrr_at_3": 0.448718,
        "mrr_at_5": 0.470085,
        "mrr_at_10": 0.484894,
        "mrr_at_20": 0.491535,
        "mrr_at_100": 0.496611,
        "mrr_at_1000": 0.496611,
        "nauc_ndcg_at_1_max": 0.417071,
        "nauc_ndcg_at_1_std": 0.194327,
        "nauc_ndcg_at_1_diff1": 0.356814,
        "nauc_ndcg_at_3_max": 0.365817,
        "nauc_ndcg_at_3_std": 0.158342,
        "nauc_ndcg_at_3_diff1": 0.331851,
        "nauc_ndcg_at_5_max": 0.392103,
        "nauc_ndcg_at_5_std": 0.215917,
        "nauc_ndcg_at_5_diff1": 0.364598,
        "nauc_ndcg_at_10_max": 0.39697,
        "nauc_ndcg_at_10_std": 0.211187,
        "nauc_ndcg_at_10_diff1": 0.377138,
        "nauc_ndcg_at_20_max": 0.383786,
        "nauc_ndcg_at_20_std": 0.212977,
        "nauc_ndcg_at_20_diff1": 0.373689,
        "nauc_ndcg_at_100_max": 0.389028,
        "nauc_ndcg_at_100_std": 0.196163,
        "nauc_ndcg_at_100_diff1": 0.354181,
        "nauc_ndcg_at_1000_max": 0.389028,
        "nauc_ndcg_at_1000_std": 0.196163,
        "nauc_ndcg_at_1000_diff1": 0.354181,
        "nauc_map_at_1_max": 0.417071,
        "nauc_map_at_1_std": 0.194327,
        "nauc_map_at_1_diff1": 0.356814,
        "nauc_map_at_3_max": 0.377166,
        "nauc_map_at_3_std": 0.166555,
        "nauc_map_at_3_diff1": 0.332784,
        "nauc_map_at_5_max": 0.391089,
        "nauc_map_at_5_std": 0.196031,
        "nauc_map_at_5_diff1": 0.351108,
        "nauc_map_at_10_max": 0.392579,
        "nauc_map_at_10_std": 0.192442,
        "nauc_map_at_10_diff1": 0.355465,
        "nauc_map_at_20_max": 0.389391,
        "nauc_map_at_20_std": 0.192279,
        "nauc_map_at_20_diff1": 0.354046,
        "nauc_map_at_100_max": 0.390327,
        "nauc_map_at_100_std": 0.190267,
        "nauc_map_at_100_diff1": 0.350416,
        "nauc_map_at_1000_max": 0.390327,
        "nauc_map_at_1000_std": 0.190267,
        "nauc_map_at_1000_diff1": 0.350416,
        "nauc_recall_at_1_max": 0.417071,
        "nauc_recall_at_1_std": 0.194327,
        "nauc_recall_at_1_diff1": 0.356814,
        "nauc_recall_at_3_max": 0.332149,
        "nauc_recall_at_3_std": 0.133858,
        "nauc_recall_at_3_diff1": 0.331296,
        "nauc_recall_at_5_max": 0.401368,
        "nauc_recall_at_5_std": 0.295294,
        "nauc_recall_at_5_diff1": 0.417032,
        "nauc_recall_at_10_max": 0.428336,
        "nauc_recall_at_10_std": 0.310638,
        "nauc_recall_at_10_diff1": 0.488148,
        "nauc_recall_at_20_max": 0.341096,
        "nauc_recall_at_20_std": 0.378741,
        "nauc_recall_at_20_diff1": 0.521727,
        "nauc_recall_at_100_max": NaN,
        "nauc_recall_at_100_std": NaN,
        "nauc_recall_at_100_diff1": NaN,
        "nauc_recall_at_1000_max": NaN,
        "nauc_recall_at_1000_std": NaN,
        "nauc_recall_at_1000_diff1": NaN,
        "nauc_precision_at_1_max": 0.417071,
        "nauc_precision_at_1_std": 0.194327,
        "nauc_precision_at_1_diff1": 0.356814,
        "nauc_precision_at_3_max": 0.332149,
        "nauc_precision_at_3_std": 0.133858,
        "nauc_precision_at_3_diff1": 0.331296,
        "nauc_precision_at_5_max": 0.401368,
        "nauc_precision_at_5_std": 0.295294,
        "nauc_precision_at_5_diff1": 0.417032,
        "nauc_precision_at_10_max": 0.428336,
        "nauc_precision_at_10_std": 0.310638,
        "nauc_precision_at_10_diff1": 0.488148,
        "nauc_precision_at_20_max": 0.341096,
        "nauc_precision_at_20_std": 0.378741,
        "nauc_precision_at_20_diff1": 0.521727,
        "nauc_precision_at_100_max": NaN,
        "nauc_precision_at_100_std": NaN,
        "nauc_precision_at_100_diff1": NaN,
        "nauc_precision_at_1000_max": 1.0,
        "nauc_precision_at_1000_std": 1.0,
        "nauc_precision_at_1000_diff1": 1.0,
        "nauc_mrr_at_1_max": 0.417071,
        "nauc_mrr_at_1_std": 0.194327,
        "nauc_mrr_at_1_diff1": 0.356814,
        "nauc_mrr_at_3_max": 0.377166,
        "nauc_mrr_at_3_std": 0.166555,
        "nauc_mrr_at_3_diff1": 0.332784,
        "nauc_mrr_at_5_max": 0.391089,
        "nauc_mrr_at_5_std": 0.196031,
        "nauc_mrr_at_5_diff1": 0.351108,
        "nauc_mrr_at_10_max": 0.392579,
        "nauc_mrr_at_10_std": 0.192442,
        "nauc_mrr_at_10_diff1": 0.355465,
        "nauc_mrr_at_20_max": 0.389391,
        "nauc_mrr_at_20_std": 0.192279,
        "nauc_mrr_at_20_diff1": 0.354046,
        "nauc_mrr_at_100_max": 0.390327,
        "nauc_mrr_at_100_std": 0.190267,
        "nauc_mrr_at_100_diff1": 0.350416,
        "nauc_mrr_at_1000_max": 0.390327,
        "nauc_mrr_at_1000_std": 0.190267,
        "nauc_mrr_at_1000_diff1": 0.350416,
        "cv_recall_at_1": 0.37607,
        "cv_recall_at_3": 0.54701,
        "cv_recall_at_5": 0.64103,
        "cv_recall_at_10": 0.75214,
        "cv_recall_at_20": 0.84615,
        "cv_recall_at_100": 1.0,
        "cv_recall_at_1000": 1.0,
        "main_score": 0.54837,
        "hf_subset": "default",
        "languages": [
          "eng-Latn"
        ]
      }
    ]
  },
  "evaluation_time": 17.0646550655365,
  "kg_co2_emissions": null
}