{
  "dataset_revision": "c64c3baac6bfd5f934d2df6e5d42dcb7d87c8ba8",
  "task_name": "australian-tax-guidance-retrieval",
  "mteb_version": "2.7.26",
  "scores": {
    "test": [
      {
        "ndcg_at_1": 0.59821,
        "ndcg_at_3": 0.7365,
        "ndcg_at_5": 0.758,
        "ndcg_at_10": 0.77514,
        "ndcg_at_20": 0.78639,
        "ndcg_at_100": 0.7894,
        "ndcg_at_1000": 0.7894,
        "map_at_1": 0.59821,
        "map_at_3": 0.70387,
        "map_at_5": 0.71548,
        "map_at_10": 0.72245,
        "map_at_20": 0.72551,
        "map_at_100": 0.72581,
        "map_at_1000": 0.72581,
        "recall_at_1": 0.59821,
        "recall_at_3": 0.83036,
        "recall_at_5": 0.88393,
        "recall_at_10": 0.9375,
        "recall_at_20": 0.98214,
        "recall_at_100": 1.0,
        "recall_at_1000": 1.0,
        "accuracy": 0.59821,
        "precision_at_1": 0.59821,
        "precision_at_3": 0.27679,
        "precision_at_5": 0.17679,
        "precision_at_10": 0.09375,
        "precision_at_20": 0.04911,
        "precision_at_100": 0.01,
        "precision_at_1000": 0.001,
        "mrr_at_1": 0.598214,
        "mrr_at_3": 0.703869,
        "mrr_at_5": 0.715476,
        "mrr_at_10": 0.722445,
        "mrr_at_20": 0.725511,
        "mrr_at_100": 0.725814,
        "mrr_at_1000": 0.725814,
        "nauc_ndcg_at_1_max": 0.270545,
        "nauc_ndcg_at_1_std": -0.026454,
        "nauc_ndcg_at_1_diff1": 0.63743,
        "nauc_ndcg_at_3_max": 0.252793,
        "nauc_ndcg_at_3_std": -0.059762,
        "nauc_ndcg_at_3_diff1": 0.547839,
        "nauc_ndcg_at_5_max": 0.218895,
        "nauc_ndcg_at_5_std": -0.035703,
        "nauc_ndcg_at_5_diff1": 0.526282,
        "nauc_ndcg_at_10_max": 0.242599,
        "nauc_ndcg_at_10_std": -0.03366,
        "nauc_ndcg_at_10_diff1": 0.549537,
        "nauc_ndcg_at_20_max": 0.248258,
        "nauc_ndcg_at_20_std": -0.029489,
        "nauc_ndcg_at_20_diff1": 0.570842,
        "nauc_ndcg_at_100_max": 0.255884,
        "nauc_ndcg_at_100_std": -0.026656,
        "nauc_ndcg_at_100_diff1": 0.567014,
        "nauc_ndcg_at_1000_max": 0.255884,
        "nauc_ndcg_at_1000_std": -0.026656,
        "nauc_ndcg_at_1000_diff1": 0.567014,
        "nauc_map_at_1_max": 0.270545,
        "nauc_map_at_1_std": -0.026454,
        "nauc_map_at_1_diff1": 0.63743,
        "nauc_map_at_3_max": 0.264681,
        "nauc_map_at_3_std": -0.042981,
        "nauc_map_at_3_diff1": 0.567862,
        "nauc_map_at_5_max": 0.248751,
        "nauc_map_at_5_std": -0.029557,
        "nauc_map_at_5_diff1": 0.558536,
        "nauc_map_at_10_max": 0.257739,
        "nauc_map_at_10_std": -0.029284,
        "nauc_map_at_10_diff1": 0.568284,
        "nauc_map_at_20_max": 0.25979,
        "nauc_map_at_20_std": -0.026982,
        "nauc_map_at_20_diff1": 0.572901,
        "nauc_map_at_100_max": 0.260607,
        "nauc_map_at_100_std": -0.026549,
        "nauc_map_at_100_diff1": 0.572621,
        "nauc_map_at_1000_max": 0.260607,
        "nauc_map_at_1000_std": -0.026549,
        "nauc_map_at_1000_diff1": 0.572621,
        "nauc_recall_at_1_max": 0.270545,
        "nauc_recall_at_1_std": -0.026454,
        "nauc_recall_at_1_diff1": 0.63743,
        "nauc_recall_at_3_max": 0.196068,
        "nauc_recall_at_3_std": -0.138212,
        "nauc_recall_at_3_diff1": 0.464001,
        "nauc_recall_at_5_max": 0.024905,
        "nauc_recall_at_5_std": -0.074272,
        "nauc_recall_at_5_diff1": 0.333257,
        "nauc_recall_at_10_max": 0.085252,
        "nauc_recall_at_10_std": -0.076796,
        "nauc_recall_at_10_diff1": 0.374681,
        "nauc_recall_at_20_max": -0.143748,
        "nauc_recall_at_20_std": -0.143748,
        "nauc_recall_at_20_diff1": 0.796337,
        "nauc_recall_at_100_max": NaN,
        "nauc_recall_at_100_std": NaN,
        "nauc_recall_at_100_diff1": NaN,
        "nauc_recall_at_1000_max": NaN,
        "nauc_recall_at_1000_std": NaN,
        "nauc_recall_at_1000_diff1": NaN,
        "nauc_precision_at_1_max": 0.270545,
        "nauc_precision_at_1_std": -0.026454,
        "nauc_precision_at_1_diff1": 0.63743,
        "nauc_precision_at_3_max": 0.196068,
        "nauc_precision_at_3_std": -0.138212,
        "nauc_precision_at_3_diff1": 0.464001,
        "nauc_precision_at_5_max": 0.024905,
        "nauc_precision_at_5_std": -0.074272,
        "nauc_precision_at_5_diff1": 0.333257,
        "nauc_precision_at_10_max": 0.085252,
        "nauc_precision_at_10_std": -0.076796,
        "nauc_precision_at_10_diff1": 0.374681,
        "nauc_precision_at_20_max": -0.143748,
        "nauc_precision_at_20_std": -0.143748,
        "nauc_precision_at_20_diff1": 0.796337,
        "nauc_precision_at_100_max": NaN,
        "nauc_precision_at_100_std": NaN,
        "nauc_precision_at_100_diff1": NaN,
        "nauc_precision_at_1000_max": 1.0,
        "nauc_precision_at_1000_std": 1.0,
        "nauc_precision_at_1000_diff1": 1.0,
        "nauc_mrr_at_1_max": 0.270545,
        "nauc_mrr_at_1_std": -0.026454,
        "nauc_mrr_at_1_diff1": 0.63743,
        "nauc_mrr_at_3_max": 0.264681,
        "nauc_mrr_at_3_std": -0.042981,
        "nauc_mrr_at_3_diff1": 0.567862,
        "nauc_mrr_at_5_max": 0.248751,
        "nauc_mrr_at_5_std": -0.029557,
        "nauc_mrr_at_5_diff1": 0.558536,
        "nauc_mrr_at_10_max": 0.257739,
        "nauc_mrr_at_10_std": -0.029284,
        "nauc_mrr_at_10_diff1": 0.568284,
        "nauc_mrr_at_20_max": 0.25979,
        "nauc_mrr_at_20_std": -0.026982,
        "nauc_mrr_at_20_diff1": 0.572901,
        "nauc_mrr_at_100_max": 0.260607,
        "nauc_mrr_at_100_std": -0.026549,
        "nauc_mrr_at_100_diff1": 0.572621,
        "nauc_mrr_at_1000_max": 0.260607,
        "nauc_mrr_at_1000_std": -0.026549,
        "nauc_mrr_at_1000_diff1": 0.572621,
        "cv_recall_at_1": 0.59821,
        "cv_recall_at_3": 0.83036,
        "cv_recall_at_5": 0.88393,
        "cv_recall_at_10": 0.9375,
        "cv_recall_at_20": 0.98214,
        "cv_recall_at_100": 1.0,
        "cv_recall_at_1000": 1.0,
        "main_score": 0.77514,
        "hf_subset": "default",
        "languages": [
          "eng-Latn"
        ]
      }
    ]
  },
  "evaluation_time": 25.746013879776,
  "kg_co2_emissions": null
}