{
  "dataset_revision": "dd157bbfa479359488c656981e3999da6f42e4e9",
  "task_name": "bar-exam-qa",
  "mteb_version": "2.7.26",
  "scores": {
    "test": [
      {
        "ndcg_at_1": 0.36752,
        "ndcg_at_3": 0.48036,
        "ndcg_at_5": 0.52228,
        "ndcg_at_10": 0.54698,
        "ndcg_at_20": 0.58374,
        "ndcg_at_100": 0.60461,
        "ndcg_at_1000": 0.60461,
        "map_at_1": 0.36752,
        "map_at_3": 0.45157,
        "map_at_5": 0.47464,
        "map_at_10": 0.48473,
        "map_at_20": 0.49482,
        "map_at_100": 0.49776,
        "map_at_1000": 0.49776,
        "recall_at_1": 0.36752,
        "recall_at_3": 0.5641,
        "recall_at_5": 0.66667,
        "recall_at_10": 0.74359,
        "recall_at_20": 0.88889,
        "recall_at_100": 1.0,
        "recall_at_1000": 1.0,
        "accuracy": 0.36752,
        "precision_at_1": 0.36752,
        "precision_at_3": 0.18803,
        "precision_at_5": 0.13333,
        "precision_at_10": 0.07436,
        "precision_at_20": 0.04444,
        "precision_at_100": 0.01,
        "precision_at_1000": 0.001,
        "mrr_at_1": 0.367521,
        "mrr_at_3": 0.451567,
        "mrr_at_5": 0.474644,
        "mrr_at_10": 0.484731,
        "mrr_at_20": 0.494816,
        "mrr_at_100": 0.497759,
        "mrr_at_1000": 0.497759,
        "nauc_ndcg_at_1_max": 0.355555,
        "nauc_ndcg_at_1_std": 0.20412,
        "nauc_ndcg_at_1_diff1": 0.294995,
        "nauc_ndcg_at_3_max": 0.325944,
        "nauc_ndcg_at_3_std": 0.161982,
        "nauc_ndcg_at_3_diff1": 0.263889,
        "nauc_ndcg_at_5_max": 0.318067,
        "nauc_ndcg_at_5_std": 0.207881,
        "nauc_ndcg_at_5_diff1": 0.25203,
        "nauc_ndcg_at_10_max": 0.322438,
        "nauc_ndcg_at_10_std": 0.199687,
        "nauc_ndcg_at_10_diff1": 0.278622,
        "nauc_ndcg_at_20_max": 0.337168,
        "nauc_ndcg_at_20_std": 0.221292,
        "nauc_ndcg_at_20_diff1": 0.279899,
        "nauc_ndcg_at_100_max": 0.332529,
        "nauc_ndcg_at_100_std": 0.199838,
        "nauc_ndcg_at_100_diff1": 0.274651,
        "nauc_ndcg_at_1000_max": 0.332529,
        "nauc_ndcg_at_1000_std": 0.199838,
        "nauc_ndcg_at_1000_diff1": 0.274651,
        "nauc_map_at_1_max": 0.355555,
        "nauc_map_at_1_std": 0.20412,
        "nauc_map_at_1_diff1": 0.294995,
        "nauc_map_at_3_max": 0.336963,
        "nauc_map_at_3_std": 0.173848,
        "nauc_map_at_3_diff1": 0.275812,
        "nauc_map_at_5_max": 0.332194,
        "nauc_map_at_5_std": 0.197503,
        "nauc_map_at_5_diff1": 0.269498,
        "nauc_map_at_10_max": 0.333649,
        "nauc_map_at_10_std": 0.193394,
        "nauc_map_at_10_diff1": 0.279418,
        "nauc_map_at_20_max": 0.337068,
        "nauc_map_at_20_std": 0.198064,
        "nauc_map_at_20_diff1": 0.279329,
        "nauc_map_at_100_max": 0.336263,
        "nauc_map_at_100_std": 0.195504,
        "nauc_map_at_100_diff1": 0.278098,
        "nauc_map_at_1000_max": 0.336263,
        "nauc_map_at_1000_std": 0.195504,
        "nauc_map_at_1000_diff1": 0.278098,
        "nauc_recall_at_1_max": 0.355555,
        "nauc_recall_at_1_std": 0.20412,
        "nauc_recall_at_1_diff1": 0.294995,
        "nauc_recall_at_3_max": 0.290764,
        "nauc_recall_at_3_std": 0.125212,
        "nauc_recall_at_3_diff1": 0.225726,
        "nauc_recall_at_5_max": 0.267001,
        "nauc_recall_at_5_std": 0.253265,
        "nauc_recall_at_5_diff1": 0.187518,
        "nauc_recall_at_10_max": 0.277308,
        "nauc_recall_at_10_std": 0.234787,
        "nauc_recall_at_10_diff1": 0.287658,
        "nauc_recall_at_20_max": 0.381793,
        "nauc_recall_at_20_std": 0.490971,
        "nauc_recall_at_20_diff1": 0.319007,
        "nauc_recall_at_100_max": NaN,
        "nauc_recall_at_100_std": NaN,
        "nauc_recall_at_100_diff1": NaN,
        "nauc_recall_at_1000_max": NaN,
        "nauc_recall_at_1000_std": NaN,
        "nauc_recall_at_1000_diff1": NaN,
        "nauc_precision_at_1_max": 0.355555,
        "nauc_precision_at_1_std": 0.20412,
        "nauc_precision_at_1_diff1": 0.294995,
        "nauc_precision_at_3_max": 0.290764,
        "nauc_precision_at_3_std": 0.125212,
        "nauc_precision_at_3_diff1": 0.225726,
        "nauc_precision_at_5_max": 0.267001,
        "nauc_precision_at_5_std": 0.253265,
        "nauc_precision_at_5_diff1": 0.187518,
        "nauc_precision_at_10_max": 0.277308,
        "nauc_precision_at_10_std": 0.234787,
        "nauc_precision_at_10_diff1": 0.287658,
        "nauc_precision_at_20_max": 0.381793,
        "nauc_precision_at_20_std": 0.490971,
        "nauc_precision_at_20_diff1": 0.319007,
        "nauc_precision_at_100_max": NaN,
        "nauc_precision_at_100_std": NaN,
        "nauc_precision_at_100_diff1": NaN,
        "nauc_precision_at_1000_max": 1.0,
        "nauc_precision_at_1000_std": 1.0,
        "nauc_precision_at_1000_diff1": 1.0,
        "nauc_mrr_at_1_max": 0.355555,
        "nauc_mrr_at_1_std": 0.20412,
        "nauc_mrr_at_1_diff1": 0.294995,
        "nauc_mrr_at_3_max": 0.336963,
        "nauc_mrr_at_3_std": 0.173848,
        "nauc_mrr_at_3_diff1": 0.275812,
        "nauc_mrr_at_5_max": 0.332194,
        "nauc_mrr_at_5_std": 0.197503,
        "nauc_mrr_at_5_diff1": 0.269498,
        "nauc_mrr_at_10_max": 0.333649,
        "nauc_mrr_at_10_std": 0.193394,
        "nauc_mrr_at_10_diff1": 0.279418,
        "nauc_mrr_at_20_max": 0.337068,
        "nauc_mrr_at_20_std": 0.198064,
        "nauc_mrr_at_20_diff1": 0.279329,
        "nauc_mrr_at_100_max": 0.336263,
        "nauc_mrr_at_100_std": 0.195504,
        "nauc_mrr_at_100_diff1": 0.278098,
        "nauc_mrr_at_1000_max": 0.336263,
        "nauc_mrr_at_1000_std": 0.195504,
        "nauc_mrr_at_1000_diff1": 0.278098,
        "cv_recall_at_1": 0.36752,
        "cv_recall_at_3": 0.5641,
        "cv_recall_at_5": 0.66667,
        "cv_recall_at_10": 0.74359,
        "cv_recall_at_20": 0.88889,
        "cv_recall_at_100": 1.0,
        "cv_recall_at_1000": 1.0,
        "main_score": 0.54698,
        "hf_subset": "default",
        "languages": [
          "eng-Latn"
        ]
      }
    ]
  },
  "evaluation_time": 17.802387952804565,
  "kg_co2_emissions": null
}