{
  "dataset_revision": "8d41f3d22bb73685b6f42b62ad95940ea3dfbf84",
  "task_name": "gdpr-holdings-retrieval",
  "mteb_version": "2.7.26",
  "scores": {
    "test": [
      {
        "ndcg_at_1": 0.824,
        "ndcg_at_3": 0.88338,
        "ndcg_at_5": 0.89319,
        "ndcg_at_10": 0.8965,
        "ndcg_at_20": 0.89908,
        "ndcg_at_100": 0.9038,
        "ndcg_at_1000": 0.90431,
        "map_at_1": 0.824,
        "map_at_3": 0.86867,
        "map_at_5": 0.87407,
        "map_at_10": 0.87548,
        "map_at_20": 0.87621,
        "map_at_100": 0.87682,
        "map_at_1000": 0.87684,
        "recall_at_1": 0.824,
        "recall_at_3": 0.926,
        "recall_at_5": 0.95,
        "recall_at_10": 0.96,
        "recall_at_20": 0.97,
        "recall_at_100": 0.996,
        "recall_at_1000": 1.0,
        "accuracy": 0.824,
        "precision_at_1": 0.824,
        "precision_at_3": 0.30867,
        "precision_at_5": 0.19,
        "precision_at_10": 0.096,
        "precision_at_20": 0.0485,
        "precision_at_100": 0.00996,
        "precision_at_1000": 0.001,
        "mrr_at_1": 0.824,
        "mrr_at_3": 0.868667,
        "mrr_at_5": 0.874067,
        "mrr_at_10": 0.875479,
        "mrr_at_20": 0.876212,
        "mrr_at_100": 0.87682,
        "mrr_at_1000": 0.876839,
        "nauc_ndcg_at_1_max": 0.637656,
        "nauc_ndcg_at_1_std": -0.005651,
        "nauc_ndcg_at_1_diff1": 0.887842,
        "nauc_ndcg_at_3_max": 0.689554,
        "nauc_ndcg_at_3_std": 0.04435,
        "nauc_ndcg_at_3_diff1": 0.864253,
        "nauc_ndcg_at_5_max": 0.697364,
        "nauc_ndcg_at_5_std": 0.057441,
        "nauc_ndcg_at_5_diff1": 0.869433,
        "nauc_ndcg_at_10_max": 0.699351,
        "nauc_ndcg_at_10_std": 0.062293,
        "nauc_ndcg_at_10_diff1": 0.869931,
        "nauc_ndcg_at_20_max": 0.696693,
        "nauc_ndcg_at_20_std": 0.075212,
        "nauc_ndcg_at_20_diff1": 0.8694,
        "nauc_ndcg_at_100_max": 0.686572,
        "nauc_ndcg_at_100_std": 0.05647,
        "nauc_ndcg_at_100_diff1": 0.872816,
        "nauc_ndcg_at_1000_max": 0.684817,
        "nauc_ndcg_at_1000_std": 0.051546,
        "nauc_ndcg_at_1000_diff1": 0.872836,
        "nauc_map_at_1_max": 0.637656,
        "nauc_map_at_1_std": -0.005651,
        "nauc_map_at_1_diff1": 0.887842,
        "nauc_map_at_3_max": 0.673707,
        "nauc_map_at_3_std": 0.028035,
        "nauc_map_at_3_diff1": 0.872004,
        "nauc_map_at_5_max": 0.677135,
        "nauc_map_at_5_std": 0.033426,
        "nauc_map_at_5_diff1": 0.874981,
        "nauc_map_at_10_max": 0.677993,
        "nauc_map_at_10_std": 0.035583,
        "nauc_map_at_10_diff1": 0.875233,
        "nauc_map_at_20_max": 0.677201,
        "nauc_map_at_20_std": 0.03864,
        "nauc_map_at_20_diff1": 0.875167,
        "nauc_map_at_100_max": 0.676131,
        "nauc_map_at_100_std": 0.036996,
        "nauc_map_at_100_diff1": 0.87542,
        "nauc_map_at_1000_max": 0.676081,
        "nauc_map_at_1000_std": 0.036855,
        "nauc_map_at_1000_diff1": 0.875421,
        "nauc_recall_at_1_max": 0.637656,
        "nauc_recall_at_1_std": -0.005651,
        "nauc_recall_at_1_diff1": 0.887842,
        "nauc_recall_at_3_max": 0.76704,
        "nauc_recall_at_3_std": 0.12489,
        "nauc_recall_at_3_diff1": 0.825952,
        "nauc_recall_at_5_max": 0.838861,
        "nauc_recall_at_5_std": 0.229729,
        "nauc_recall_at_5_diff1": 0.831671,
        "nauc_recall_at_10_max": 0.883287,
        "nauc_recall_at_10_std": 0.298319,
        "nauc_recall_at_10_diff1": 0.82577,
        "nauc_recall_at_20_max": 0.912543,
        "nauc_recall_at_20_std": 0.533209,
        "nauc_recall_at_20_diff1": 0.803641,
        "nauc_recall_at_100_max": 1.0,
        "nauc_recall_at_100_std": 0.934641,
        "nauc_recall_at_100_diff1": 0.869281,
        "nauc_recall_at_1000_max": NaN,
        "nauc_recall_at_1000_std": NaN,
        "nauc_recall_at_1000_diff1": NaN,
        "nauc_precision_at_1_max": 0.637656,
        "nauc_precision_at_1_std": -0.005651,
        "nauc_precision_at_1_diff1": 0.887842,
        "nauc_precision_at_3_max": 0.76704,
        "nauc_precision_at_3_std": 0.12489,
        "nauc_precision_at_3_diff1": 0.825952,
        "nauc_precision_at_5_max": 0.838861,
        "nauc_precision_at_5_std": 0.229729,
        "nauc_precision_at_5_diff1": 0.831671,
        "nauc_precision_at_10_max": 0.883287,
        "nauc_precision_at_10_std": 0.298319,
        "nauc_precision_at_10_diff1": 0.82577,
        "nauc_precision_at_20_max": 0.912543,
        "nauc_precision_at_20_std": 0.533209,
        "nauc_precision_at_20_diff1": 0.803641,
        "nauc_precision_at_100_max": 1.0,
        "nauc_precision_at_100_std": 0.934641,
        "nauc_precision_at_100_diff1": 0.869281,
        "nauc_precision_at_1000_max": 1.0,
        "nauc_precision_at_1000_std": 1.0,
        "nauc_precision_at_1000_diff1": 1.0,
        "nauc_mrr_at_1_max": 0.637656,
        "nauc_mrr_at_1_std": -0.005651,
        "nauc_mrr_at_1_diff1": 0.887842,
        "nauc_mrr_at_3_max": 0.673707,
        "nauc_mrr_at_3_std": 0.028035,
        "nauc_mrr_at_3_diff1": 0.872004,
        "nauc_mrr_at_5_max": 0.677135,
        "nauc_mrr_at_5_std": 0.033426,
        "nauc_mrr_at_5_diff1": 0.874981,
        "nauc_mrr_at_10_max": 0.677993,
        "nauc_mrr_at_10_std": 0.035583,
        "nauc_mrr_at_10_diff1": 0.875233,
        "nauc_mrr_at_20_max": 0.677201,
        "nauc_mrr_at_20_std": 0.03864,
        "nauc_mrr_at_20_diff1": 0.875167,
        "nauc_mrr_at_100_max": 0.676131,
        "nauc_mrr_at_100_std": 0.036996,
        "nauc_mrr_at_100_diff1": 0.87542,
        "nauc_mrr_at_1000_max": 0.676081,
        "nauc_mrr_at_1000_std": 0.036855,
        "nauc_mrr_at_1000_diff1": 0.875421,
        "cv_recall_at_1": 0.824,
        "cv_recall_at_3": 0.926,
        "cv_recall_at_5": 0.95,
        "cv_recall_at_10": 0.96,
        "cv_recall_at_20": 0.97,
        "cv_recall_at_100": 0.996,
        "cv_recall_at_1000": 1.0,
        "main_score": 0.8965,
        "hf_subset": "default",
        "languages": [
          "eng-Latn"
        ]
      }
    ]
  },
  "evaluation_time": 91.2273600101471,
  "kg_co2_emissions": null
}