{
  "dataset_revision": "ec00129f88e9476e582131dc3a5db9220dfefa48",
  "task_name": "license-tldr-retrieval",
  "mteb_version": "2.7.26",
  "scores": {
    "test": [
      {
        "ndcg_at_1": 0.50769,
        "ndcg_at_3": 0.60238,
        "ndcg_at_5": 0.64674,
        "ndcg_at_10": 0.65735,
        "ndcg_at_20": 0.68708,
        "ndcg_at_100": 0.69913,
        "ndcg_at_1000": 0.69913,
        "map_at_1": 0.50769,
        "map_at_3": 0.57692,
        "map_at_5": 0.60154,
        "map_at_10": 0.6063,
        "map_at_20": 0.61372,
        "map_at_100": 0.61557,
        "map_at_1000": 0.61557,
        "recall_at_1": 0.50769,
        "recall_at_3": 0.67692,
        "recall_at_5": 0.78462,
        "recall_at_10": 0.81538,
        "recall_at_20": 0.93846,
        "recall_at_100": 1.0,
        "recall_at_1000": 1.0,
        "accuracy": 0.50769,
        "precision_at_1": 0.50769,
        "precision_at_3": 0.22564,
        "precision_at_5": 0.15692,
        "precision_at_10": 0.08154,
        "precision_at_20": 0.04692,
        "precision_at_100": 0.01,
        "precision_at_1000": 0.001,
        "mrr_at_1": 0.507692,
        "mrr_at_3": 0.576923,
        "mrr_at_5": 0.601538,
        "mrr_at_10": 0.6063,
        "mrr_at_20": 0.613718,
        "mrr_at_100": 0.615575,
        "mrr_at_1000": 0.615575,
        "nauc_ndcg_at_1_max": 0.638488,
        "nauc_ndcg_at_1_std": 0.292001,
        "nauc_ndcg_at_1_diff1": 0.71319,
        "nauc_ndcg_at_3_max": 0.663823,
        "nauc_ndcg_at_3_std": 0.360455,
        "nauc_ndcg_at_3_diff1": 0.658479,
        "nauc_ndcg_at_5_max": 0.68248,
        "nauc_ndcg_at_5_std": 0.465482,
        "nauc_ndcg_at_5_diff1": 0.652242,
        "nauc_ndcg_at_10_max": 0.675289,
        "nauc_ndcg_at_10_std": 0.490052,
        "nauc_ndcg_at_10_diff1": 0.641685,
        "nauc_ndcg_at_20_max": 0.667485,
        "nauc_ndcg_at_20_std": 0.441,
        "nauc_ndcg_at_20_diff1": 0.643222,
        "nauc_ndcg_at_100_max": 0.66933,
        "nauc_ndcg_at_100_std": 0.416705,
        "nauc_ndcg_at_100_diff1": 0.665459,
        "nauc_ndcg_at_1000_max": 0.66933,
        "nauc_ndcg_at_1000_std": 0.416705,
        "nauc_ndcg_at_1000_diff1": 0.665459,
        "nauc_map_at_1_max": 0.638488,
        "nauc_map_at_1_std": 0.292001,
        "nauc_map_at_1_diff1": 0.71319,
        "nauc_map_at_3_max": 0.662604,
        "nauc_map_at_3_std": 0.345264,
        "nauc_map_at_3_diff1": 0.677632,
        "nauc_map_at_5_max": 0.671127,
        "nauc_map_at_5_std": 0.400168,
        "nauc_map_at_5_diff1": 0.674944,
        "nauc_map_at_10_max": 0.668047,
        "nauc_map_at_10_std": 0.40989,
        "nauc_map_at_10_diff1": 0.670782,
        "nauc_map_at_20_max": 0.666266,
        "nauc_map_at_20_std": 0.397849,
        "nauc_map_at_20_diff1": 0.671403,
        "nauc_map_at_100_max": 0.666741,
        "nauc_map_at_100_std": 0.394634,
        "nauc_map_at_100_diff1": 0.674783,
        "nauc_map_at_1000_max": 0.666741,
        "nauc_map_at_1000_std": 0.394634,
        "nauc_map_at_1000_diff1": 0.674783,
        "nauc_recall_at_1_max": 0.638488,
        "nauc_recall_at_1_std": 0.292001,
        "nauc_recall_at_1_diff1": 0.71319,
        "nauc_recall_at_3_max": 0.665298,
        "nauc_recall_at_3_std": 0.410279,
        "nauc_recall_at_3_diff1": 0.591641,
        "nauc_recall_at_5_max": 0.734797,
        "nauc_recall_at_5_std": 0.770578,
        "nauc_recall_at_5_diff1": 0.54881,
        "nauc_recall_at_10_max": 0.710239,
        "nauc_recall_at_10_std": 0.918853,
        "nauc_recall_at_10_diff1": 0.488328,
        "nauc_recall_at_20_max": 0.647424,
        "nauc_recall_at_20_std": 0.902792,
        "nauc_recall_at_20_diff1": 0.25031,
        "nauc_recall_at_100_max": NaN,
        "nauc_recall_at_100_std": NaN,
        "nauc_recall_at_100_diff1": NaN,
        "nauc_recall_at_1000_max": NaN,
        "nauc_recall_at_1000_std": NaN,
        "nauc_recall_at_1000_diff1": NaN,
        "nauc_precision_at_1_max": 0.638488,
        "nauc_precision_at_1_std": 0.292001,
        "nauc_precision_at_1_diff1": 0.71319,
        "nauc_precision_at_3_max": 0.665298,
        "nauc_precision_at_3_std": 0.410279,
        "nauc_precision_at_3_diff1": 0.591641,
        "nauc_precision_at_5_max": 0.734797,
        "nauc_precision_at_5_std": 0.770578,
        "nauc_precision_at_5_diff1": 0.54881,
        "nauc_precision_at_10_max": 0.710239,
        "nauc_precision_at_10_std": 0.918853,
        "nauc_precision_at_10_diff1": 0.488328,
        "nauc_precision_at_20_max": 0.647424,
        "nauc_precision_at_20_std": 0.902792,
        "nauc_precision_at_20_diff1": 0.25031,
        "nauc_precision_at_100_max": NaN,
        "nauc_precision_at_100_std": NaN,
        "nauc_precision_at_100_diff1": NaN,
        "nauc_precision_at_1000_max": 1.0,
        "nauc_precision_at_1000_std": 1.0,
        "nauc_precision_at_1000_diff1": 1.0,
        "nauc_mrr_at_1_max": 0.638488,
        "nauc_mrr_at_1_std": 0.292001,
        "nauc_mrr_at_1_diff1": 0.71319,
        "nauc_mrr_at_3_max": 0.662604,
        "nauc_mrr_at_3_std": 0.345264,
        "nauc_mrr_at_3_diff1": 0.677632,
        "nauc_mrr_at_5_max": 0.671127,
        "nauc_mrr_at_5_std": 0.400168,
        "nauc_mrr_at_5_diff1": 0.674944,
        "nauc_mrr_at_10_max": 0.668047,
        "nauc_mrr_at_10_std": 0.40989,
        "nauc_mrr_at_10_diff1": 0.670782,
        "nauc_mrr_at_20_max": 0.666266,
        "nauc_mrr_at_20_std": 0.397849,
        "nauc_mrr_at_20_diff1": 0.671403,
        "nauc_mrr_at_100_max": 0.666741,
        "nauc_mrr_at_100_std": 0.394634,
        "nauc_mrr_at_100_diff1": 0.674783,
        "nauc_mrr_at_1000_max": 0.666741,
        "nauc_mrr_at_1000_std": 0.394634,
        "nauc_mrr_at_1000_diff1": 0.674783,
        "cv_recall_at_1": 0.50769,
        "cv_recall_at_3": 0.67692,
        "cv_recall_at_5": 0.78462,
        "cv_recall_at_10": 0.81538,
        "cv_recall_at_20": 0.93846,
        "cv_recall_at_100": 1.0,
        "cv_recall_at_1000": 1.0,
        "main_score": 0.65735,
        "hf_subset": "default",
        "languages": [
          "eng-Latn"
        ]
      }
    ]
  },
  "evaluation_time": 15.982392072677612,
  "kg_co2_emissions": null
}