{
  "dataset_revision": "319b6cc4b012d733f126a943a8a66bdf9df5dc40",
  "task_name": "scalr",
  "mteb_version": "2.7.26",
  "scores": {
    "test": [
      {
        "ndcg_at_1": 0.61667,
        "ndcg_at_3": 0.71508,
        "ndcg_at_5": 0.73874,
        "ndcg_at_10": 0.75459,
        "ndcg_at_20": 0.76301,
        "ndcg_at_100": 0.7727,
        "ndcg_at_1000": 0.77481,
        "map_at_1": 0.61667,
        "map_at_3": 0.68889,
        "map_at_5": 0.70181,
        "map_at_10": 0.70817,
        "map_at_20": 0.71047,
        "map_at_100": 0.71195,
        "map_at_1000": 0.71203,
        "recall_at_1": 0.61667,
        "recall_at_3": 0.79167,
        "recall_at_5": 0.85,
        "recall_at_10": 0.9,
        "recall_at_20": 0.93333,
        "recall_at_100": 0.98333,
        "recall_at_1000": 1.0,
        "accuracy": 0.61667,
        "precision_at_1": 0.61667,
        "precision_at_3": 0.26389,
        "precision_at_5": 0.17,
        "precision_at_10": 0.09,
        "precision_at_20": 0.04667,
        "precision_at_100": 0.00983,
        "precision_at_1000": 0.001,
        "mrr_at_1": 0.616667,
        "mrr_at_3": 0.688889,
        "mrr_at_5": 0.701806,
        "mrr_at_10": 0.708168,
        "mrr_at_20": 0.710474,
        "mrr_at_100": 0.711953,
        "mrr_at_1000": 0.712028,
        "nauc_ndcg_at_1_max": 0.528631,
        "nauc_ndcg_at_1_std": 0.11223,
        "nauc_ndcg_at_1_diff1": 0.694592,
        "nauc_ndcg_at_3_max": 0.537465,
        "nauc_ndcg_at_3_std": 0.081324,
        "nauc_ndcg_at_3_diff1": 0.626909,
        "nauc_ndcg_at_5_max": 0.532865,
        "nauc_ndcg_at_5_std": 0.061114,
        "nauc_ndcg_at_5_diff1": 0.632829,
        "nauc_ndcg_at_10_max": 0.549513,
        "nauc_ndcg_at_10_std": 0.064686,
        "nauc_ndcg_at_10_diff1": 0.632753,
        "nauc_ndcg_at_20_max": 0.551752,
        "nauc_ndcg_at_20_std": 0.084895,
        "nauc_ndcg_at_20_diff1": 0.638242,
        "nauc_ndcg_at_100_max": 0.542636,
        "nauc_ndcg_at_100_std": 0.086216,
        "nauc_ndcg_at_100_diff1": 0.636224,
        "nauc_ndcg_at_1000_max": 0.541642,
        "nauc_ndcg_at_1000_std": 0.081993,
        "nauc_ndcg_at_1000_diff1": 0.642058,
        "nauc_map_at_1_max": 0.528631,
        "nauc_map_at_1_std": 0.11223,
        "nauc_map_at_1_diff1": 0.694592,
        "nauc_map_at_3_max": 0.536489,
        "nauc_map_at_3_std": 0.087303,
        "nauc_map_at_3_diff1": 0.647006,
        "nauc_map_at_5_max": 0.535065,
        "nauc_map_at_5_std": 0.078562,
        "nauc_map_at_5_diff1": 0.650075,
        "nauc_map_at_10_max": 0.540159,
        "nauc_map_at_10_std": 0.080268,
        "nauc_map_at_10_diff1": 0.650182,
        "nauc_map_at_20_max": 0.540758,
        "nauc_map_at_20_std": 0.085918,
        "nauc_map_at_20_diff1": 0.65167,
        "nauc_map_at_100_max": 0.539211,
        "nauc_map_at_100_std": 0.085063,
        "nauc_map_at_100_diff1": 0.651216,
        "nauc_map_at_1000_max": 0.539191,
        "nauc_map_at_1000_std": 0.084935,
        "nauc_map_at_1000_diff1": 0.651356,
        "nauc_recall_at_1_max": 0.528631,
        "nauc_recall_at_1_std": 0.11223,
        "nauc_recall_at_1_diff1": 0.694592,
        "nauc_recall_at_3_max": 0.540417,
        "nauc_recall_at_3_std": 0.059603,
        "nauc_recall_at_3_diff1": 0.54818,
        "nauc_recall_at_5_max": 0.517572,
        "nauc_recall_at_5_std": -0.031619,
        "nauc_recall_at_5_diff1": 0.548785,
        "nauc_recall_at_10_max": 0.629707,
        "nauc_recall_at_10_std": -0.049798,
        "nauc_recall_at_10_diff1": 0.515212,
        "nauc_recall_at_20_max": 0.69106,
        "nauc_recall_at_20_std": 0.109652,
        "nauc_recall_at_20_diff1": 0.519316,
        "nauc_recall_at_100_max": 0.638189,
        "nauc_recall_at_100_std": 0.456116,
        "nauc_recall_at_100_diff1": 0.093371,
        "nauc_recall_at_1000_max": NaN,
        "nauc_recall_at_1000_std": NaN,
        "nauc_recall_at_1000_diff1": NaN,
        "nauc_precision_at_1_max": 0.528631,
        "nauc_precision_at_1_std": 0.11223,
        "nauc_precision_at_1_diff1": 0.694592,
        "nauc_precision_at_3_max": 0.540417,
        "nauc_precision_at_3_std": 0.059603,
        "nauc_precision_at_3_diff1": 0.54818,
        "nauc_precision_at_5_max": 0.517572,
        "nauc_precision_at_5_std": -0.031619,
        "nauc_precision_at_5_diff1": 0.548785,
        "nauc_precision_at_10_max": 0.629707,
        "nauc_precision_at_10_std": -0.049798,
        "nauc_precision_at_10_diff1": 0.515212,
        "nauc_precision_at_20_max": 0.69106,
        "nauc_precision_at_20_std": 0.109652,
        "nauc_precision_at_20_diff1": 0.519316,
        "nauc_precision_at_100_max": 0.638189,
        "nauc_precision_at_100_std": 0.456116,
        "nauc_precision_at_100_diff1": 0.093371,
        "nauc_precision_at_1000_max": 1.0,
        "nauc_precision_at_1000_std": 1.0,
        "nauc_precision_at_1000_diff1": 1.0,
        "nauc_mrr_at_1_max": 0.528631,
        "nauc_mrr_at_1_std": 0.11223,
        "nauc_mrr_at_1_diff1": 0.694592,
        "nauc_mrr_at_3_max": 0.536489,
        "nauc_mrr_at_3_std": 0.087303,
        "nauc_mrr_at_3_diff1": 0.647006,
        "nauc_mrr_at_5_max": 0.535065,
        "nauc_mrr_at_5_std": 0.078562,
        "nauc_mrr_at_5_diff1": 0.650075,
        "nauc_mrr_at_10_max": 0.540159,
        "nauc_mrr_at_10_std": 0.080268,
        "nauc_mrr_at_10_diff1": 0.650182,
        "nauc_mrr_at_20_max": 0.540758,
        "nauc_mrr_at_20_std": 0.085918,
        "nauc_mrr_at_20_diff1": 0.65167,
        "nauc_mrr_at_100_max": 0.539211,
        "nauc_mrr_at_100_std": 0.085063,
        "nauc_mrr_at_100_diff1": 0.651216,
        "nauc_mrr_at_1000_max": 0.539191,
        "nauc_mrr_at_1000_std": 0.084935,
        "nauc_mrr_at_1000_diff1": 0.651356,
        "cv_recall_at_1": 0.61667,
        "cv_recall_at_3": 0.79167,
        "cv_recall_at_5": 0.85,
        "cv_recall_at_10": 0.9,
        "cv_recall_at_20": 0.93333,
        "cv_recall_at_100": 0.98333,
        "cv_recall_at_1000": 1.0,
        "main_score": 0.75459,
        "hf_subset": "default",
        "languages": [
          "eng-Latn"
        ]
      }
    ]
  },
  "evaluation_time": 24.64893102645874,
  "kg_co2_emissions": null
}