{
  "dataset_revision": "427e2ae4b22cd9ad990ef8dd4647c16d79c89198",
  "task_name": "singaporean-judicial-keywords",
  "mteb_version": "2.7.26",
  "scores": {
    "test": [
      {
        "ndcg_at_1": 0.716,
        "ndcg_at_3": 0.80545,
        "ndcg_at_5": 0.82465,
        "ndcg_at_10": 0.83707,
        "ndcg_at_20": 0.84585,
        "ndcg_at_100": 0.84898,
        "ndcg_at_1000": 0.84926,
        "map_at_1": 0.716,
        "map_at_3": 0.785,
        "map_at_5": 0.7958,
        "map_at_10": 0.80099,
        "map_at_20": 0.8035,
        "map_at_100": 0.80398,
        "map_at_1000": 0.804,
        "recall_at_1": 0.716,
        "recall_at_3": 0.864,
        "recall_at_5": 0.91,
        "recall_at_10": 0.948,
        "recall_at_20": 0.982,
        "recall_at_100": 0.998,
        "recall_at_1000": 1.0,
        "accuracy": 0.716,
        "precision_at_1": 0.716,
        "precision_at_3": 0.288,
        "precision_at_5": 0.182,
        "precision_at_10": 0.0948,
        "precision_at_20": 0.0491,
        "precision_at_100": 0.00998,
        "precision_at_1000": 0.001,
        "mrr_at_1": 0.716,
        "mrr_at_3": 0.785,
        "mrr_at_5": 0.7958,
        "mrr_at_10": 0.800994,
        "mrr_at_20": 0.803499,
        "mrr_at_100": 0.803985,
        "mrr_at_1000": 0.803997,
        "nauc_ndcg_at_1_max": 0.286265,
        "nauc_ndcg_at_1_std": -0.068144,
        "nauc_ndcg_at_1_diff1": 0.714633,
        "nauc_ndcg_at_3_max": 0.361263,
        "nauc_ndcg_at_3_std": -0.101233,
        "nauc_ndcg_at_3_diff1": 0.699996,
        "nauc_ndcg_at_5_max": 0.365606,
        "nauc_ndcg_at_5_std": -0.099945,
        "nauc_ndcg_at_5_diff1": 0.694065,
        "nauc_ndcg_at_10_max": 0.35313,
        "nauc_ndcg_at_10_std": -0.11527,
        "nauc_ndcg_at_10_diff1": 0.698518,
        "nauc_ndcg_at_20_max": 0.346999,
        "nauc_ndcg_at_20_std": -0.09929,
        "nauc_ndcg_at_20_diff1": 0.701194,
        "nauc_ndcg_at_100_max": 0.339643,
        "nauc_ndcg_at_100_std": -0.092905,
        "nauc_ndcg_at_100_diff1": 0.700475,
        "nauc_ndcg_at_1000_max": 0.338579,
        "nauc_ndcg_at_1000_std": -0.094837,
        "nauc_ndcg_at_1000_diff1": 0.701635,
        "nauc_map_at_1_max": 0.286265,
        "nauc_map_at_1_std": -0.068144,
        "nauc_map_at_1_diff1": 0.714633,
        "nauc_map_at_3_max": 0.337281,
        "nauc_map_at_3_std": -0.092804,
        "nauc_map_at_3_diff1": 0.703969,
        "nauc_map_at_5_max": 0.338324,
        "nauc_map_at_5_std": -0.091018,
        "nauc_map_at_5_diff1": 0.701348,
        "nauc_map_at_10_max": 0.333588,
        "nauc_map_at_10_std": -0.095882,
        "nauc_map_at_10_diff1": 0.703028,
        "nauc_map_at_20_max": 0.33172,
        "nauc_map_at_20_std": -0.09175,
        "nauc_map_at_20_diff1": 0.703645,
        "nauc_map_at_100_max": 0.330909,
        "nauc_map_at_100_std": -0.091208,
        "nauc_map_at_100_diff1": 0.703567,
        "nauc_map_at_1000_max": 0.330871,
        "nauc_map_at_1000_std": -0.091276,
        "nauc_map_at_1000_diff1": 0.703608,
        "nauc_recall_at_1_max": 0.286265,
        "nauc_recall_at_1_std": -0.068144,
        "nauc_recall_at_1_diff1": 0.714633,
        "nauc_recall_at_3_max": 0.463944,
        "nauc_recall_at_3_std": -0.136058,
        "nauc_recall_at_3_diff1": 0.6834,
        "nauc_recall_at_5_max": 0.528156,
        "nauc_recall_at_5_std": -0.152578,
        "nauc_recall_at_5_diff1": 0.649787,
        "nauc_recall_at_10_max": 0.53189,
        "nauc_recall_at_10_std": -0.327857,
        "nauc_recall_at_10_diff1": 0.657689,
        "nauc_recall_at_20_max": 0.702303,
        "nauc_recall_at_20_std": -0.269063,
        "nauc_recall_at_20_diff1": 0.664747,
        "nauc_recall_at_100_max": 0.869281,
        "nauc_recall_at_100_std": 0.869281,
        "nauc_recall_at_100_diff1": 0.122782,
        "nauc_recall_at_1000_max": NaN,
        "nauc_recall_at_1000_std": NaN,
        "nauc_recall_at_1000_diff1": NaN,
        "nauc_precision_at_1_max": 0.286265,
        "nauc_precision_at_1_std": -0.068144,
        "nauc_precision_at_1_diff1": 0.714633,
        "nauc_precision_at_3_max": 0.463944,
        "nauc_precision_at_3_std": -0.136058,
        "nauc_precision_at_3_diff1": 0.6834,
        "nauc_precision_at_5_max": 0.528156,
        "nauc_precision_at_5_std": -0.152578,
        "nauc_precision_at_5_diff1": 0.649787,
        "nauc_precision_at_10_max": 0.53189,
        "nauc_precision_at_10_std": -0.327857,
        "nauc_precision_at_10_diff1": 0.657689,
        "nauc_precision_at_20_max": 0.702303,
        "nauc_precision_at_20_std": -0.269063,
        "nauc_precision_at_20_diff1": 0.664747,
        "nauc_precision_at_100_max": 0.869281,
        "nauc_precision_at_100_std": 0.869281,
        "nauc_precision_at_100_diff1": 0.122782,
        "nauc_precision_at_1000_max": 1.0,
        "nauc_precision_at_1000_std": 1.0,
        "nauc_precision_at_1000_diff1": 1.0,
        "nauc_mrr_at_1_max": 0.286265,
        "nauc_mrr_at_1_std": -0.068144,
        "nauc_mrr_at_1_diff1": 0.714633,
        "nauc_mrr_at_3_max": 0.337281,
        "nauc_mrr_at_3_std": -0.092804,
        "nauc_mrr_at_3_diff1": 0.703969,
        "nauc_mrr_at_5_max": 0.338324,
        "nauc_mrr_at_5_std": -0.091018,
        "nauc_mrr_at_5_diff1": 0.701348,
        "nauc_mrr_at_10_max": 0.333588,
        "nauc_mrr_at_10_std": -0.095882,
        "nauc_mrr_at_10_diff1": 0.703028,
        "nauc_mrr_at_20_max": 0.33172,
        "nauc_mrr_at_20_std": -0.09175,
        "nauc_mrr_at_20_diff1": 0.703645,
        "nauc_mrr_at_100_max": 0.330909,
        "nauc_mrr_at_100_std": -0.091208,
        "nauc_mrr_at_100_diff1": 0.703567,
        "nauc_mrr_at_1000_max": 0.330871,
        "nauc_mrr_at_1000_std": -0.091276,
        "nauc_mrr_at_1000_diff1": 0.703608,
        "cv_recall_at_1": 0.716,
        "cv_recall_at_3": 0.864,
        "cv_recall_at_5": 0.91,
        "cv_recall_at_10": 0.948,
        "cv_recall_at_20": 0.982,
        "cv_recall_at_100": 0.998,
        "cv_recall_at_1000": 1.0,
        "main_score": 0.83707,
        "hf_subset": "default",
        "languages": [
          "eng-Latn"
        ]
      }
    ]
  },
  "evaluation_time": 387.0375518798828,
  "kg_co2_emissions": null
}