{
  "dataset_revision": "436d6a79d06cac556799e9e0be54a6fb90bf7182",
  "task_name": "uk-legislative-long-titles",
  "mteb_version": "2.7.26",
  "scores": {
    "test": [
      {
        "ndcg_at_1": 0.87179,
        "ndcg_at_3": 0.93315,
        "ndcg_at_5": 0.93315,
        "ndcg_at_10": 0.93719,
        "ndcg_at_20": 0.9404,
        "ndcg_at_100": 0.9404,
        "ndcg_at_1000": 0.9404,
        "map_at_1": 0.87179,
        "map_at_3": 0.9188,
        "map_at_5": 0.9188,
        "map_at_10": 0.92041,
        "map_at_20": 0.92126,
        "map_at_100": 0.92126,
        "map_at_1000": 0.92126,
        "recall_at_1": 0.87179,
        "recall_at_3": 0.97436,
        "recall_at_5": 0.97436,
        "recall_at_10": 0.98718,
        "recall_at_20": 1.0,
        "recall_at_100": 1.0,
        "recall_at_1000": 1.0,
        "accuracy": 0.87179,
        "precision_at_1": 0.87179,
        "precision_at_3": 0.32479,
        "precision_at_5": 0.19487,
        "precision_at_10": 0.09872,
        "precision_at_20": 0.05,
        "precision_at_100": 0.01,
        "precision_at_1000": 0.001,
        "mrr_at_1": 0.871795,
        "mrr_at_3": 0.918803,
        "mrr_at_5": 0.918803,
        "mrr_at_10": 0.920406,
        "mrr_at_20": 0.921261,
        "mrr_at_100": 0.921261,
        "mrr_at_1000": 0.921261,
        "nauc_ndcg_at_1_max": 0.847415,
        "nauc_ndcg_at_1_std": 0.455815,
        "nauc_ndcg_at_1_diff1": 0.866286,
        "nauc_ndcg_at_3_max": 0.870027,
        "nauc_ndcg_at_3_std": 0.540538,
        "nauc_ndcg_at_3_diff1": 0.875173,
        "nauc_ndcg_at_5_max": 0.870027,
        "nauc_ndcg_at_5_std": 0.540538,
        "nauc_ndcg_at_5_diff1": 0.875173,
        "nauc_ndcg_at_10_max": 0.861489,
        "nauc_ndcg_at_10_std": 0.510355,
        "nauc_ndcg_at_10_diff1": 0.866973,
        "nauc_ndcg_at_20_max": 0.853882,
        "nauc_ndcg_at_20_std": 0.483464,
        "nauc_ndcg_at_20_diff1": 0.866867,
        "nauc_ndcg_at_100_max": 0.853882,
        "nauc_ndcg_at_100_std": 0.483464,
        "nauc_ndcg_at_100_diff1": 0.866867,
        "nauc_ndcg_at_1000_max": 0.853882,
        "nauc_ndcg_at_1000_std": 0.483464,
        "nauc_ndcg_at_1000_diff1": 0.866867,
        "nauc_map_at_1_max": 0.847415,
        "nauc_map_at_1_std": 0.455815,
        "nauc_map_at_1_diff1": 0.866286,
        "nauc_map_at_3_max": 0.85625,
        "nauc_map_at_3_std": 0.491608,
        "nauc_map_at_3_diff1": 0.868957,
        "nauc_map_at_5_max": 0.85625,
        "nauc_map_at_5_std": 0.491608,
        "nauc_map_at_5_diff1": 0.868957,
        "nauc_map_at_10_max": 0.853294,
        "nauc_map_at_10_std": 0.481152,
        "nauc_map_at_10_diff1": 0.866262,
        "nauc_map_at_20_max": 0.851666,
        "nauc_map_at_20_std": 0.475397,
        "nauc_map_at_20_diff1": 0.866232,
        "nauc_map_at_100_max": 0.851666,
        "nauc_map_at_100_std": 0.475397,
        "nauc_map_at_100_diff1": 0.866232,
        "nauc_map_at_1000_max": 0.851666,
        "nauc_map_at_1000_std": 0.475397,
        "nauc_map_at_1000_diff1": 0.866232,
        "nauc_recall_at_1_max": 0.847415,
        "nauc_recall_at_1_std": 0.455815,
        "nauc_recall_at_1_diff1": 0.866286,
        "nauc_recall_at_3_max": 1.0,
        "nauc_recall_at_3_std": 1.0,
        "nauc_recall_at_3_diff1": 0.934454,
        "nauc_recall_at_5_max": 1.0,
        "nauc_recall_at_5_std": 1.0,
        "nauc_recall_at_5_diff1": 0.934454,
        "nauc_recall_at_10_max": 1.0,
        "nauc_recall_at_10_std": 1.0,
        "nauc_recall_at_10_diff1": 0.868908,
        "nauc_recall_at_20_max": NaN,
        "nauc_recall_at_20_std": NaN,
        "nauc_recall_at_20_diff1": NaN,
        "nauc_recall_at_100_max": NaN,
        "nauc_recall_at_100_std": NaN,
        "nauc_recall_at_100_diff1": NaN,
        "nauc_recall_at_1000_max": NaN,
        "nauc_recall_at_1000_std": NaN,
        "nauc_recall_at_1000_diff1": NaN,
        "nauc_precision_at_1_max": 0.847415,
        "nauc_precision_at_1_std": 0.455815,
        "nauc_precision_at_1_diff1": 0.866286,
        "nauc_precision_at_3_max": 1.0,
        "nauc_precision_at_3_std": 1.0,
        "nauc_precision_at_3_diff1": 0.934454,
        "nauc_precision_at_5_max": 1.0,
        "nauc_precision_at_5_std": 1.0,
        "nauc_precision_at_5_diff1": 0.934454,
        "nauc_precision_at_10_max": 1.0,
        "nauc_precision_at_10_std": 1.0,
        "nauc_precision_at_10_diff1": 0.868908,
        "nauc_precision_at_20_max": 1.0,
        "nauc_precision_at_20_std": 1.0,
        "nauc_precision_at_20_diff1": 1.0,
        "nauc_precision_at_100_max": 1.0,
        "nauc_precision_at_100_std": 1.0,
        "nauc_precision_at_100_diff1": 1.0,
        "nauc_precision_at_1000_max": 1.0,
        "nauc_precision_at_1000_std": 1.0,
        "nauc_precision_at_1000_diff1": 1.0,
        "nauc_mrr_at_1_max": 0.847415,
        "nauc_mrr_at_1_std": 0.455815,
        "nauc_mrr_at_1_diff1": 0.866286,
        "nauc_mrr_at_3_max": 0.85625,
        "nauc_mrr_at_3_std": 0.491608,
        "nauc_mrr_at_3_diff1": 0.868957,
        "nauc_mrr_at_5_max": 0.85625,
        "nauc_mrr_at_5_std": 0.491608,
        "nauc_mrr_at_5_diff1": 0.868957,
        "nauc_mrr_at_10_max": 0.853294,
        "nauc_mrr_at_10_std": 0.481152,
        "nauc_mrr_at_10_diff1": 0.866262,
        "nauc_mrr_at_20_max": 0.851666,
        "nauc_mrr_at_20_std": 0.475397,
        "nauc_mrr_at_20_diff1": 0.866232,
        "nauc_mrr_at_100_max": 0.851666,
        "nauc_mrr_at_100_std": 0.475397,
        "nauc_mrr_at_100_diff1": 0.866232,
        "nauc_mrr_at_1000_max": 0.851666,
        "nauc_mrr_at_1000_std": 0.475397,
        "nauc_mrr_at_1000_diff1": 0.866232,
        "cv_recall_at_1": 0.87179,
        "cv_recall_at_3": 0.97436,
        "cv_recall_at_5": 0.97436,
        "cv_recall_at_10": 0.98718,
        "cv_recall_at_20": 1.0,
        "cv_recall_at_100": 1.0,
        "cv_recall_at_1000": 1.0,
        "main_score": 0.93719,
        "hf_subset": "default",
        "languages": [
          "eng-Latn"
        ]
      }
    ]
  },
  "evaluation_time": 54.60150122642517,
  "kg_co2_emissions": null
}