{
  "dataset_revision": "49c07b6",
  "task_name": "BarExamQA",
  "mteb_version": "2.7.26",
  "scores": {
    "test": [
      {
        "ndcg_at_1": 0.50427,
        "ndcg_at_3": 0.60856,
        "ndcg_at_5": 0.64057,
        "ndcg_at_10": 0.66718,
        "ndcg_at_20": 0.68271,
        "ndcg_at_100": 0.7014,
        "ndcg_at_1000": 0.7014,
        "map_at_1": 0.50427,
        "map_at_3": 0.58262,
        "map_at_5": 0.60057,
        "map_at_10": 0.61094,
        "map_at_20": 0.61541,
        "map_at_100": 0.61849,
        "map_at_1000": 0.61849,
        "recall_at_1": 0.50427,
        "recall_at_3": 0.68376,
        "recall_at_5": 0.76068,
        "recall_at_10": 0.84615,
        "recall_at_20": 0.90598,
        "recall_at_100": 1.0,
        "recall_at_1000": 1.0,
        "accuracy": 0.50427,
        "precision_at_1": 0.50427,
        "precision_at_3": 0.22792,
        "precision_at_5": 0.15214,
        "precision_at_10": 0.08462,
        "precision_at_20": 0.0453,
        "precision_at_100": 0.01,
        "precision_at_1000": 0.001,
        "mrr_at_1": 0.504274,
        "mrr_at_3": 0.582621,
        "mrr_at_5": 0.60057,
        "mrr_at_10": 0.610945,
        "mrr_at_20": 0.615412,
        "mrr_at_100": 0.618493,
        "mrr_at_1000": 0.618493,
        "nauc_ndcg_at_1_max": 0.184289,
        "nauc_ndcg_at_1_std": -0.075522,
        "nauc_ndcg_at_1_diff1": 0.397876,
        "nauc_ndcg_at_3_max": 0.305765,
        "nauc_ndcg_at_3_std": -0.066099,
        "nauc_ndcg_at_3_diff1": 0.499664,
        "nauc_ndcg_at_5_max": 0.303604,
        "nauc_ndcg_at_5_std": -0.057911,
        "nauc_ndcg_at_5_diff1": 0.477141,
        "nauc_ndcg_at_10_max": 0.296599,
        "nauc_ndcg_at_10_std": -0.083474,
        "nauc_ndcg_at_10_diff1": 0.489643,
        "nauc_ndcg_at_20_max": 0.283642,
        "nauc_ndcg_at_20_std": -0.080088,
        "nauc_ndcg_at_20_diff1": 0.470679,
        "nauc_ndcg_at_100_max": 0.274066,
        "nauc_ndcg_at_100_std": -0.078184,
        "nauc_ndcg_at_100_diff1": 0.466306,
        "nauc_ndcg_at_1000_max": 0.274066,
        "nauc_ndcg_at_1000_std": -0.078184,
        "nauc_ndcg_at_1000_diff1": 0.466306,
        "nauc_map_at_1_max": 0.184289,
        "nauc_map_at_1_std": -0.075522,
        "nauc_map_at_1_diff1": 0.397876,
        "nauc_map_at_3_max": 0.27429,
        "nauc_map_at_3_std": -0.073087,
        "nauc_map_at_3_diff1": 0.472198,
        "nauc_map_at_5_max": 0.272409,
        "nauc_map_at_5_std": -0.070169,
        "nauc_map_at_5_diff1": 0.459521,
        "nauc_map_at_10_max": 0.269654,
        "nauc_map_at_10_std": -0.078902,
        "nauc_map_at_10_diff1": 0.46372,
        "nauc_map_at_20_max": 0.266281,
        "nauc_map_at_20_std": -0.07776,
        "nauc_map_at_20_diff1": 0.458712,
        "nauc_map_at_100_max": 0.264492,
        "nauc_map_at_100_std": -0.077899,
        "nauc_map_at_100_diff1": 0.45823,
        "nauc_map_at_1000_max": 0.264492,
        "nauc_map_at_1000_std": -0.077899,
        "nauc_map_at_1000_diff1": 0.45823,
        "nauc_recall_at_1_max": 0.184289,
        "nauc_recall_at_1_std": -0.075522,
        "nauc_recall_at_1_diff1": 0.397876,
        "nauc_recall_at_3_max": 0.411992,
        "nauc_recall_at_3_std": -0.040237,
        "nauc_recall_at_3_diff1": 0.592912,
        "nauc_recall_at_5_max": 0.428215,
        "nauc_recall_at_5_std": -0.002026,
        "nauc_recall_at_5_diff1": 0.544134,
        "nauc_recall_at_10_max": 0.439882,
        "nauc_recall_at_10_std": -0.126072,
        "nauc_recall_at_10_diff1": 0.641275,
        "nauc_recall_at_20_max": 0.386362,
        "nauc_recall_at_20_std": -0.122757,
        "nauc_recall_at_20_diff1": 0.536271,
        "nauc_recall_at_100_max": NaN,
        "nauc_recall_at_100_std": NaN,
        "nauc_recall_at_100_diff1": NaN,
        "nauc_recall_at_1000_max": NaN,
        "nauc_recall_at_1000_std": NaN,
        "nauc_recall_at_1000_diff1": NaN,
        "nauc_precision_at_1_max": 0.184289,
        "nauc_precision_at_1_std": -0.075522,
        "nauc_precision_at_1_diff1": 0.397876,
        "nauc_precision_at_3_max": 0.411992,
        "nauc_precision_at_3_std": -0.040237,
        "nauc_precision_at_3_diff1": 0.592912,
        "nauc_precision_at_5_max": 0.428215,
        "nauc_precision_at_5_std": -0.002026,
        "nauc_precision_at_5_diff1": 0.544134,
        "nauc_precision_at_10_max": 0.439882,
        "nauc_precision_at_10_std": -0.126072,
        "nauc_precision_at_10_diff1": 0.641275,
        "nauc_precision_at_20_max": 0.386362,
        "nauc_precision_at_20_std": -0.122757,
        "nauc_precision_at_20_diff1": 0.536271,
        "nauc_precision_at_100_max": NaN,
        "nauc_precision_at_100_std": NaN,
        "nauc_precision_at_100_diff1": NaN,
        "nauc_precision_at_1000_max": 1.0,
        "nauc_precision_at_1000_std": 1.0,
        "nauc_precision_at_1000_diff1": 1.0,
        "nauc_mrr_at_1_max": 0.184289,
        "nauc_mrr_at_1_std": -0.075522,
        "nauc_mrr_at_1_diff1": 0.397876,
        "nauc_mrr_at_3_max": 0.27429,
        "nauc_mrr_at_3_std": -0.073087,
        "nauc_mrr_at_3_diff1": 0.472198,
        "nauc_mrr_at_5_max": 0.272409,
        "nauc_mrr_at_5_std": -0.070169,
        "nauc_mrr_at_5_diff1": 0.459521,
        "nauc_mrr_at_10_max": 0.269654,
        "nauc_mrr_at_10_std": -0.078902,
        "nauc_mrr_at_10_diff1": 0.46372,
        "nauc_mrr_at_20_max": 0.266281,
        "nauc_mrr_at_20_std": -0.07776,
        "nauc_mrr_at_20_diff1": 0.458712,
        "nauc_mrr_at_100_max": 0.264492,
        "nauc_mrr_at_100_std": -0.077899,
        "nauc_mrr_at_100_diff1": 0.45823,
        "nauc_mrr_at_1000_max": 0.264492,
        "nauc_mrr_at_1000_std": -0.077899,
        "nauc_mrr_at_1000_diff1": 0.45823,
        "cv_recall_at_1": 0.50427,
        "cv_recall_at_3": 0.68376,
        "cv_recall_at_5": 0.76068,
        "cv_recall_at_10": 0.84615,
        "cv_recall_at_20": 0.90598,
        "cv_recall_at_100": 1.0,
        "cv_recall_at_1000": 1.0,
        "main_score": 0.66718,
        "hf_subset": "default",
        "languages": [
          "eng-Latn"
        ]
      }
    ]
  },
  "evaluation_time": 2.282459020614624,
  "kg_co2_emissions": null
}