{
  "dataset_revision": "c64c3baac6bfd5f934d2df6e5d42dcb7d87c8ba8",
  "task_name": "australian-tax-guidance-retrieval",
  "mteb_version": "2.7.26",
  "scores": {
    "test": [
      {
        "ndcg_at_1": 0.58036,
        "ndcg_at_3": 0.67028,
        "ndcg_at_5": 0.70332,
        "ndcg_at_10": 0.74765,
        "ndcg_at_20": 0.75505,
        "ndcg_at_100": 0.76018,
        "ndcg_at_1000": 0.76018,
        "map_at_1": 0.58036,
        "map_at_3": 0.64881,
        "map_at_5": 0.66711,
        "map_at_10": 0.68604,
        "map_at_20": 0.68841,
        "map_at_100": 0.68918,
        "map_at_1000": 0.68918,
        "recall_at_1": 0.58036,
        "recall_at_3": 0.73214,
        "recall_at_5": 0.8125,
        "recall_at_10": 0.94643,
        "recall_at_20": 0.97321,
        "recall_at_100": 1.0,
        "recall_at_1000": 1.0,
        "accuracy": 0.58036,
        "precision_at_1": 0.58036,
        "precision_at_3": 0.24405,
        "precision_at_5": 0.1625,
        "precision_at_10": 0.09464,
        "precision_at_20": 0.04866,
        "precision_at_100": 0.01,
        "precision_at_1000": 0.001,
        "mrr_at_1": 0.580357,
        "mrr_at_3": 0.64881,
        "mrr_at_5": 0.667113,
        "mrr_at_10": 0.686044,
        "mrr_at_20": 0.688411,
        "mrr_at_100": 0.689175,
        "mrr_at_1000": 0.689175,
        "nauc_ndcg_at_1_max": 0.239572,
        "nauc_ndcg_at_1_std": -0.089052,
        "nauc_ndcg_at_1_diff1": 0.610897,
        "nauc_ndcg_at_3_max": 0.36741,
        "nauc_ndcg_at_3_std": -0.005542,
        "nauc_ndcg_at_3_diff1": 0.543383,
        "nauc_ndcg_at_5_max": 0.366343,
        "nauc_ndcg_at_5_std": -0.026029,
        "nauc_ndcg_at_5_diff1": 0.524219,
        "nauc_ndcg_at_10_max": 0.357187,
        "nauc_ndcg_at_10_std": -0.014828,
        "nauc_ndcg_at_10_diff1": 0.568985,
        "nauc_ndcg_at_20_max": 0.344302,
        "nauc_ndcg_at_20_std": -0.014828,
        "nauc_ndcg_at_20_diff1": 0.563479,
        "nauc_ndcg_at_100_max": 0.330393,
        "nauc_ndcg_at_100_std": -0.024087,
        "nauc_ndcg_at_100_diff1": 0.558174,
        "nauc_ndcg_at_1000_max": 0.330393,
        "nauc_ndcg_at_1000_std": -0.024087,
        "nauc_ndcg_at_1000_diff1": 0.558174,
        "nauc_map_at_1_max": 0.239572,
        "nauc_map_at_1_std": -0.089052,
        "nauc_map_at_1_diff1": 0.610897,
        "nauc_map_at_3_max": 0.333324,
        "nauc_map_at_3_std": -0.024418,
        "nauc_map_at_3_diff1": 0.559552,
        "nauc_map_at_5_max": 0.330982,
        "nauc_map_at_5_std": -0.03567,
        "nauc_map_at_5_diff1": 0.549051,
        "nauc_map_at_10_max": 0.324948,
        "nauc_map_at_10_std": -0.031175,
        "nauc_map_at_10_diff1": 0.56414,
        "nauc_map_at_20_max": 0.321416,
        "nauc_map_at_20_std": -0.03118,
        "nauc_map_at_20_diff1": 0.562667,
        "nauc_map_at_100_max": 0.319696,
        "nauc_map_at_100_std": -0.031853,
        "nauc_map_at_100_diff1": 0.562042,
        "nauc_map_at_1000_max": 0.319696,
        "nauc_map_at_1000_std": -0.031853,
        "nauc_map_at_1000_diff1": 0.562042,
        "nauc_recall_at_1_max": 0.239572,
        "nauc_recall_at_1_std": -0.089052,
        "nauc_recall_at_1_diff1": 0.610897,
        "nauc_recall_at_3_max": 0.485591,
        "nauc_recall_at_3_std": 0.05817,
        "nauc_recall_at_3_diff1": 0.488263,
        "nauc_recall_at_5_max": 0.522506,
        "nauc_recall_at_5_std": 0.009378,
        "nauc_recall_at_5_diff1": 0.414458,
        "nauc_recall_at_10_max": 0.78582,
        "nauc_recall_at_10_std": 0.191357,
        "nauc_recall_at_10_diff1": 0.740028,
        "nauc_recall_at_20_max": 0.864225,
        "nauc_recall_at_20_std": 0.388343,
        "nauc_recall_at_20_diff1": 0.764428,
        "nauc_recall_at_100_max": NaN,
        "nauc_recall_at_100_std": NaN,
        "nauc_recall_at_100_diff1": NaN,
        "nauc_recall_at_1000_max": NaN,
        "nauc_recall_at_1000_std": NaN,
        "nauc_recall_at_1000_diff1": NaN,
        "nauc_precision_at_1_max": 0.239572,
        "nauc_precision_at_1_std": -0.089052,
        "nauc_precision_at_1_diff1": 0.610897,
        "nauc_precision_at_3_max": 0.485591,
        "nauc_precision_at_3_std": 0.05817,
        "nauc_precision_at_3_diff1": 0.488263,
        "nauc_precision_at_5_max": 0.522506,
        "nauc_precision_at_5_std": 0.009378,
        "nauc_precision_at_5_diff1": 0.414458,
        "nauc_precision_at_10_max": 0.78582,
        "nauc_precision_at_10_std": 0.191357,
        "nauc_precision_at_10_diff1": 0.740028,
        "nauc_precision_at_20_max": 0.864225,
        "nauc_precision_at_20_std": 0.388343,
        "nauc_precision_at_20_diff1": 0.764428,
        "nauc_precision_at_100_max": NaN,
        "nauc_precision_at_100_std": NaN,
        "nauc_precision_at_100_diff1": NaN,
        "nauc_precision_at_1000_max": 1.0,
        "nauc_precision_at_1000_std": 1.0,
        "nauc_precision_at_1000_diff1": 1.0,
        "nauc_mrr_at_1_max": 0.239572,
        "nauc_mrr_at_1_std": -0.089052,
        "nauc_mrr_at_1_diff1": 0.610897,
        "nauc_mrr_at_3_max": 0.333324,
        "nauc_mrr_at_3_std": -0.024418,
        "nauc_mrr_at_3_diff1": 0.559552,
        "nauc_mrr_at_5_max": 0.330982,
        "nauc_mrr_at_5_std": -0.03567,
        "nauc_mrr_at_5_diff1": 0.549051,
        "nauc_mrr_at_10_max": 0.324948,
        "nauc_mrr_at_10_std": -0.031175,
        "nauc_mrr_at_10_diff1": 0.56414,
        "nauc_mrr_at_20_max": 0.321416,
        "nauc_mrr_at_20_std": -0.03118,
        "nauc_mrr_at_20_diff1": 0.562667,
        "nauc_mrr_at_100_max": 0.319696,
        "nauc_mrr_at_100_std": -0.031853,
        "nauc_mrr_at_100_diff1": 0.562042,
        "nauc_mrr_at_1000_max": 0.319696,
        "nauc_mrr_at_1000_std": -0.031853,
        "nauc_mrr_at_1000_diff1": 0.562042,
        "cv_recall_at_1": 0.58036,
        "cv_recall_at_3": 0.73214,
        "cv_recall_at_5": 0.8125,
        "cv_recall_at_10": 0.94643,
        "cv_recall_at_20": 0.97321,
        "cv_recall_at_100": 1.0,
        "cv_recall_at_1000": 1.0,
        "main_score": 0.74765,
        "hf_subset": "default",
        "languages": [
          "eng-Latn"
        ]
      }
    ]
  },
  "evaluation_time": 326.7445785999298,
  "kg_co2_emissions": null
}