{
  "dataset_revision": "dd157bbfa479359488c656981e3999da6f42e4e9",
  "task_name": "bar-exam-qa",
  "mteb_version": "2.7.26",
  "scores": {
    "test": [
      {
        "ndcg_at_1": 0.30769,
        "ndcg_at_3": 0.45828,
        "ndcg_at_5": 0.49209,
        "ndcg_at_10": 0.53468,
        "ndcg_at_20": 0.56433,
        "ndcg_at_100": 0.58373,
        "ndcg_at_1000": 0.58373,
        "map_at_1": 0.30769,
        "map_at_3": 0.42165,
        "map_at_5": 0.4396,
        "map_at_10": 0.45783,
        "map_at_20": 0.46564,
        "map_at_100": 0.46843,
        "map_at_1000": 0.46843,
        "recall_at_1": 0.30769,
        "recall_at_3": 0.5641,
        "recall_at_5": 0.64957,
        "recall_at_10": 0.77778,
        "recall_at_20": 0.89744,
        "recall_at_100": 1.0,
        "recall_at_1000": 1.0,
        "accuracy": 0.30769,
        "precision_at_1": 0.30769,
        "precision_at_3": 0.18803,
        "precision_at_5": 0.12991,
        "precision_at_10": 0.07778,
        "precision_at_20": 0.04487,
        "precision_at_100": 0.01,
        "precision_at_1000": 0.001,
        "mrr_at_1": 0.307692,
        "mrr_at_3": 0.421652,
        "mrr_at_5": 0.439601,
        "mrr_at_10": 0.457831,
        "mrr_at_20": 0.465638,
        "mrr_at_100": 0.468425,
        "mrr_at_1000": 0.468425,
        "nauc_ndcg_at_1_max": 0.3173,
        "nauc_ndcg_at_1_std": 0.059444,
        "nauc_ndcg_at_1_diff1": 0.419849,
        "nauc_ndcg_at_3_max": 0.370943,
        "nauc_ndcg_at_3_std": 0.040648,
        "nauc_ndcg_at_3_diff1": 0.397287,
        "nauc_ndcg_at_5_max": 0.348426,
        "nauc_ndcg_at_5_std": 0.024858,
        "nauc_ndcg_at_5_diff1": 0.372685,
        "nauc_ndcg_at_10_max": 0.35306,
        "nauc_ndcg_at_10_std": 0.054225,
        "nauc_ndcg_at_10_diff1": 0.390189,
        "nauc_ndcg_at_20_max": 0.339294,
        "nauc_ndcg_at_20_std": 0.063188,
        "nauc_ndcg_at_20_diff1": 0.376013,
        "nauc_ndcg_at_100_max": 0.345594,
        "nauc_ndcg_at_100_std": 0.049943,
        "nauc_ndcg_at_100_diff1": 0.388629,
        "nauc_ndcg_at_1000_max": 0.345594,
        "nauc_ndcg_at_1000_std": 0.049943,
        "nauc_ndcg_at_1000_diff1": 0.388629,
        "nauc_map_at_1_max": 0.3173,
        "nauc_map_at_1_std": 0.059444,
        "nauc_map_at_1_diff1": 0.419849,
        "nauc_map_at_3_max": 0.356414,
        "nauc_map_at_3_std": 0.041373,
        "nauc_map_at_3_diff1": 0.400761,
        "nauc_map_at_5_max": 0.344385,
        "nauc_map_at_5_std": 0.033627,
        "nauc_map_at_5_diff1": 0.387883,
        "nauc_map_at_10_max": 0.346477,
        "nauc_map_at_10_std": 0.045742,
        "nauc_map_at_10_diff1": 0.395571,
        "nauc_map_at_20_max": 0.34353,
        "nauc_map_at_20_std": 0.048077,
        "nauc_map_at_20_diff1": 0.392678,
        "nauc_map_at_100_max": 0.34415,
        "nauc_map_at_100_std": 0.04673,
        "nauc_map_at_100_diff1": 0.39384,
        "nauc_map_at_1000_max": 0.34415,
        "nauc_map_at_1000_std": 0.04673,
        "nauc_map_at_1000_diff1": 0.39384,
        "nauc_recall_at_1_max": 0.3173,
        "nauc_recall_at_1_std": 0.059444,
        "nauc_recall_at_1_diff1": 0.419849,
        "nauc_recall_at_3_max": 0.415176,
        "nauc_recall_at_3_std": 0.040138,
        "nauc_recall_at_3_diff1": 0.387737,
        "nauc_recall_at_5_max": 0.358115,
        "nauc_recall_at_5_std": -0.006326,
        "nauc_recall_at_5_diff1": 0.318278,
        "nauc_recall_at_10_max": 0.378724,
        "nauc_recall_at_10_std": 0.106331,
        "nauc_recall_at_10_diff1": 0.370065,
        "nauc_recall_at_20_max": 0.251,
        "nauc_recall_at_20_std": 0.241083,
        "nauc_recall_at_20_diff1": 0.194996,
        "nauc_recall_at_100_max": NaN,
        "nauc_recall_at_100_std": NaN,
        "nauc_recall_at_100_diff1": NaN,
        "nauc_recall_at_1000_max": NaN,
        "nauc_recall_at_1000_std": NaN,
        "nauc_recall_at_1000_diff1": NaN,
        "nauc_precision_at_1_max": 0.3173,
        "nauc_precision_at_1_std": 0.059444,
        "nauc_precision_at_1_diff1": 0.419849,
        "nauc_precision_at_3_max": 0.415176,
        "nauc_precision_at_3_std": 0.040138,
        "nauc_precision_at_3_diff1": 0.387737,
        "nauc_precision_at_5_max": 0.358115,
        "nauc_precision_at_5_std": -0.006326,
        "nauc_precision_at_5_diff1": 0.318278,
        "nauc_precision_at_10_max": 0.378724,
        "nauc_precision_at_10_std": 0.106331,
        "nauc_precision_at_10_diff1": 0.370065,
        "nauc_precision_at_20_max": 0.251,
        "nauc_precision_at_20_std": 0.241083,
        "nauc_precision_at_20_diff1": 0.194996,
        "nauc_precision_at_100_max": NaN,
        "nauc_precision_at_100_std": NaN,
        "nauc_precision_at_100_diff1": NaN,
        "nauc_precision_at_1000_max": 1.0,
        "nauc_precision_at_1000_std": 1.0,
        "nauc_precision_at_1000_diff1": 1.0,
        "nauc_mrr_at_1_max": 0.3173,
        "nauc_mrr_at_1_std": 0.059444,
        "nauc_mrr_at_1_diff1": 0.419849,
        "nauc_mrr_at_3_max": 0.356414,
        "nauc_mrr_at_3_std": 0.041373,
        "nauc_mrr_at_3_diff1": 0.400761,
        "nauc_mrr_at_5_max": 0.344385,
        "nauc_mrr_at_5_std": 0.033627,
        "nauc_mrr_at_5_diff1": 0.387883,
        "nauc_mrr_at_10_max": 0.346477,
        "nauc_mrr_at_10_std": 0.045742,
        "nauc_mrr_at_10_diff1": 0.395571,
        "nauc_mrr_at_20_max": 0.34353,
        "nauc_mrr_at_20_std": 0.048077,
        "nauc_mrr_at_20_diff1": 0.392678,
        "nauc_mrr_at_100_max": 0.34415,
        "nauc_mrr_at_100_std": 0.04673,
        "nauc_mrr_at_100_diff1": 0.39384,
        "nauc_mrr_at_1000_max": 0.34415,
        "nauc_mrr_at_1000_std": 0.04673,
        "nauc_mrr_at_1000_diff1": 0.39384,
        "cv_recall_at_1": 0.30769,
        "cv_recall_at_3": 0.5641,
        "cv_recall_at_5": 0.64957,
        "cv_recall_at_10": 0.77778,
        "cv_recall_at_20": 0.89744,
        "cv_recall_at_100": 1.0,
        "cv_recall_at_1000": 1.0,
        "main_score": 0.53468,
        "hf_subset": "default",
        "languages": [
          "eng-Latn"
        ]
      }
    ]
  },
  "evaluation_time": 9.527379989624023,
  "kg_co2_emissions": null
}