{
  "dataset_revision": "2095f248902963b4480ac96b774ba64b2104cbee",
  "task_name": "consumer-contracts-qa",
  "mteb_version": "2.7.26",
  "scores": {
    "test": [
      {
        "ndcg_at_1": 0.80808,
        "ndcg_at_3": 0.87794,
        "ndcg_at_5": 0.88642,
        "ndcg_at_10": 0.89804,
        "ndcg_at_20": 0.89933,
        "ndcg_at_100": 0.90142,
        "ndcg_at_1000": 0.90142,
        "map_at_1": 0.80808,
        "map_at_3": 0.86027,
        "map_at_5": 0.86507,
        "map_at_10": 0.86996,
        "map_at_20": 0.87032,
        "map_at_100": 0.87069,
        "map_at_1000": 0.87069,
        "recall_at_1": 0.80808,
        "recall_at_3": 0.92929,
        "recall_at_5": 0.94949,
        "recall_at_10": 0.98485,
        "recall_at_20": 0.9899,
        "recall_at_100": 1.0,
        "recall_at_1000": 1.0,
        "accuracy": 0.80808,
        "precision_at_1": 0.80808,
        "precision_at_3": 0.30976,
        "precision_at_5": 0.1899,
        "precision_at_10": 0.09848,
        "precision_at_20": 0.04949,
        "precision_at_100": 0.01,
        "precision_at_1000": 0.001,
        "mrr_at_1": 0.808081,
        "mrr_at_3": 0.860269,
        "mrr_at_5": 0.865067,
        "mrr_at_10": 0.869962,
        "mrr_at_20": 0.870322,
        "mrr_at_100": 0.870691,
        "mrr_at_1000": 0.870691,
        "nauc_ndcg_at_1_max": 0.6066,
        "nauc_ndcg_at_1_std": 0.228073,
        "nauc_ndcg_at_1_diff1": 0.800632,
        "nauc_ndcg_at_3_max": 0.691583,
        "nauc_ndcg_at_3_std": 0.434053,
        "nauc_ndcg_at_3_diff1": 0.750829,
        "nauc_ndcg_at_5_max": 0.688556,
        "nauc_ndcg_at_5_std": 0.410962,
        "nauc_ndcg_at_5_diff1": 0.758115,
        "nauc_ndcg_at_10_max": 0.671255,
        "nauc_ndcg_at_10_std": 0.369394,
        "nauc_ndcg_at_10_diff1": 0.772499,
        "nauc_ndcg_at_20_max": 0.666825,
        "nauc_ndcg_at_20_std": 0.369543,
        "nauc_ndcg_at_20_diff1": 0.771197,
        "nauc_ndcg_at_100_max": 0.659409,
        "nauc_ndcg_at_100_std": 0.355511,
        "nauc_ndcg_at_100_diff1": 0.772378,
        "nauc_ndcg_at_1000_max": 0.659409,
        "nauc_ndcg_at_1000_std": 0.355511,
        "nauc_ndcg_at_1000_diff1": 0.772378,
        "nauc_map_at_1_max": 0.6066,
        "nauc_map_at_1_std": 0.228073,
        "nauc_map_at_1_diff1": 0.800632,
        "nauc_map_at_3_max": 0.664365,
        "nauc_map_at_3_std": 0.374171,
        "nauc_map_at_3_diff1": 0.766475,
        "nauc_map_at_5_max": 0.662159,
        "nauc_map_at_5_std": 0.361133,
        "nauc_map_at_5_diff1": 0.770754,
        "nauc_map_at_10_max": 0.655107,
        "nauc_map_at_10_std": 0.344901,
        "nauc_map_at_10_diff1": 0.775343,
        "nauc_map_at_20_max": 0.654098,
        "nauc_map_at_20_std": 0.344862,
        "nauc_map_at_20_diff1": 0.775068,
        "nauc_map_at_100_max": 0.653062,
        "nauc_map_at_100_std": 0.342899,
        "nauc_map_at_100_diff1": 0.775191,
        "nauc_map_at_1000_max": 0.653062,
        "nauc_map_at_1000_std": 0.342899,
        "nauc_map_at_1000_diff1": 0.775191,
        "nauc_recall_at_1_max": 0.6066,
        "nauc_recall_at_1_std": 0.228073,
        "nauc_recall_at_1_diff1": 0.800632,
        "nauc_recall_at_3_max": 0.839356,
        "nauc_recall_at_3_std": 0.754341,
        "nauc_recall_at_3_diff1": 0.666125,
        "nauc_recall_at_5_max": 0.880178,
        "nauc_recall_at_5_std": 0.761157,
        "nauc_recall_at_5_diff1": 0.667499,
        "nauc_recall_at_10_max": 1.0,
        "nauc_recall_at_10_std": 0.786124,
        "nauc_recall_at_10_diff1": 0.764129,
        "nauc_recall_at_20_max": 1.0,
        "nauc_recall_at_20_std": 1.0,
        "nauc_recall_at_20_diff1": 0.711627,
        "nauc_recall_at_100_max": NaN,
        "nauc_recall_at_100_std": NaN,
        "nauc_recall_at_100_diff1": NaN,
        "nauc_recall_at_1000_max": NaN,
        "nauc_recall_at_1000_std": NaN,
        "nauc_recall_at_1000_diff1": NaN,
        "nauc_precision_at_1_max": 0.6066,
        "nauc_precision_at_1_std": 0.228073,
        "nauc_precision_at_1_diff1": 0.800632,
        "nauc_precision_at_3_max": 0.839356,
        "nauc_precision_at_3_std": 0.754341,
        "nauc_precision_at_3_diff1": 0.666125,
        "nauc_precision_at_5_max": 0.880178,
        "nauc_precision_at_5_std": 0.761157,
        "nauc_precision_at_5_diff1": 0.667499,
        "nauc_precision_at_10_max": 1.0,
        "nauc_precision_at_10_std": 0.786124,
        "nauc_precision_at_10_diff1": 0.764129,
        "nauc_precision_at_20_max": 1.0,
        "nauc_precision_at_20_std": 1.0,
        "nauc_precision_at_20_diff1": 0.711627,
        "nauc_precision_at_100_max": 1.0,
        "nauc_precision_at_100_std": 1.0,
        "nauc_precision_at_100_diff1": 1.0,
        "nauc_precision_at_1000_max": 1.0,
        "nauc_precision_at_1000_std": 1.0,
        "nauc_precision_at_1000_diff1": 1.0,
        "nauc_mrr_at_1_max": 0.6066,
        "nauc_mrr_at_1_std": 0.228073,
        "nauc_mrr_at_1_diff1": 0.800632,
        "nauc_mrr_at_3_max": 0.664365,
        "nauc_mrr_at_3_std": 0.374171,
        "nauc_mrr_at_3_diff1": 0.766475,
        "nauc_mrr_at_5_max": 0.662159,
        "nauc_mrr_at_5_std": 0.361133,
        "nauc_mrr_at_5_diff1": 0.770754,
        "nauc_mrr_at_10_max": 0.655107,
        "nauc_mrr_at_10_std": 0.344901,
        "nauc_mrr_at_10_diff1": 0.775343,
        "nauc_mrr_at_20_max": 0.654098,
        "nauc_mrr_at_20_std": 0.344862,
        "nauc_mrr_at_20_diff1": 0.775068,
        "nauc_mrr_at_100_max": 0.653062,
        "nauc_mrr_at_100_std": 0.342899,
        "nauc_mrr_at_100_diff1": 0.775191,
        "nauc_mrr_at_1000_max": 0.653062,
        "nauc_mrr_at_1000_std": 0.342899,
        "nauc_mrr_at_1000_diff1": 0.775191,
        "cv_recall_at_1": 0.80808,
        "cv_recall_at_3": 0.92929,
        "cv_recall_at_5": 0.94949,
        "cv_recall_at_10": 0.98485,
        "cv_recall_at_20": 0.9899,
        "cv_recall_at_100": 1.0,
        "cv_recall_at_1000": 1.0,
        "main_score": 0.89804,
        "hf_subset": "default",
        "languages": [
          "eng-Latn"
        ]
      }
    ]
  },
  "evaluation_time": 72.36218070983887,
  "kg_co2_emissions": null
}