{
  "dataset_revision": "48ed7bcb1f50896a0f71461a04b2df0ca84329d9",
  "task_name": "contractual-clause-retrieval",
  "mteb_version": "2.7.26",
  "scores": {
    "test": [
      {
        "ndcg_at_1": 0.73333,
        "ndcg_at_3": 0.73625,
        "ndcg_at_5": 0.78668,
        "ndcg_at_10": 0.80897,
        "ndcg_at_20": 0.82237,
        "ndcg_at_100": 0.83268,
        "ndcg_at_1000": 0.83268,
        "map_at_1": 0.36667,
        "map_at_3": 0.69815,
        "map_at_5": 0.73815,
        "map_at_10": 0.75231,
        "map_at_20": 0.75658,
        "map_at_100": 0.75855,
        "map_at_1000": 0.75855,
        "recall_at_1": 0.36667,
        "recall_at_3": 0.75556,
        "recall_at_5": 0.85556,
        "recall_at_10": 0.91111,
        "recall_at_20": 0.95556,
        "recall_at_100": 1.0,
        "recall_at_1000": 1.0,
        "accuracy": 0.36667,
        "precision_at_1": 0.73333,
        "precision_at_3": 0.5037,
        "precision_at_5": 0.34222,
        "precision_at_10": 0.18222,
        "precision_at_20": 0.09556,
        "precision_at_100": 0.02,
        "precision_at_1000": 0.002,
        "mrr_at_1": 0.733333,
        "mrr_at_3": 0.788889,
        "mrr_at_5": 0.8,
        "mrr_at_10": 0.802222,
        "mrr_at_20": 0.805011,
        "mrr_at_100": 0.805805,
        "mrr_at_1000": 0.805805,
        "nauc_ndcg_at_1_max": 0.75276,
        "nauc_ndcg_at_1_std": 0.339664,
        "nauc_ndcg_at_1_diff1": 0.6379,
        "nauc_ndcg_at_3_max": 0.751502,
        "nauc_ndcg_at_3_std": 0.470459,
        "nauc_ndcg_at_3_diff1": 0.500585,
        "nauc_ndcg_at_5_max": 0.715609,
        "nauc_ndcg_at_5_std": 0.400974,
        "nauc_ndcg_at_5_diff1": 0.416217,
        "nauc_ndcg_at_10_max": 0.750303,
        "nauc_ndcg_at_10_std": 0.432448,
        "nauc_ndcg_at_10_diff1": 0.472736,
        "nauc_ndcg_at_20_max": 0.736565,
        "nauc_ndcg_at_20_std": 0.425827,
        "nauc_ndcg_at_20_diff1": 0.460311,
        "nauc_ndcg_at_100_max": 0.727013,
        "nauc_ndcg_at_100_std": 0.4053,
        "nauc_ndcg_at_100_diff1": 0.480817,
        "nauc_ndcg_at_1000_max": 0.727013,
        "nauc_ndcg_at_1000_std": 0.4053,
        "nauc_ndcg_at_1000_diff1": 0.480817,
        "nauc_map_at_1_max": 0.75276,
        "nauc_map_at_1_std": 0.339664,
        "nauc_map_at_1_diff1": 0.6379,
        "nauc_map_at_3_max": 0.69801,
        "nauc_map_at_3_std": 0.412994,
        "nauc_map_at_3_diff1": 0.466316,
        "nauc_map_at_5_max": 0.671186,
        "nauc_map_at_5_std": 0.362027,
        "nauc_map_at_5_diff1": 0.406195,
        "nauc_map_at_10_max": 0.692266,
        "nauc_map_at_10_std": 0.383055,
        "nauc_map_at_10_diff1": 0.441653,
        "nauc_map_at_20_max": 0.688092,
        "nauc_map_at_20_std": 0.380109,
        "nauc_map_at_20_diff1": 0.438278,
        "nauc_map_at_100_max": 0.686284,
        "nauc_map_at_100_std": 0.376859,
        "nauc_map_at_100_diff1": 0.44088,
        "nauc_map_at_1000_max": 0.686284,
        "nauc_map_at_1000_std": 0.376859,
        "nauc_map_at_1000_diff1": 0.44088,
        "nauc_recall_at_1_max": 0.75276,
        "nauc_recall_at_1_std": 0.339664,
        "nauc_recall_at_1_diff1": 0.6379,
        "nauc_recall_at_3_max": 0.804058,
        "nauc_recall_at_3_std": 0.579449,
        "nauc_recall_at_3_diff1": 0.489151,
        "nauc_recall_at_5_max": 0.720979,
        "nauc_recall_at_5_std": 0.449235,
        "nauc_recall_at_5_diff1": 0.248329,
        "nauc_recall_at_10_max": 0.897011,
        "nauc_recall_at_10_std": 0.612469,
        "nauc_recall_at_10_diff1": 0.417817,
        "nauc_recall_at_20_max": 0.861908,
        "nauc_recall_at_20_std": 0.701148,
        "nauc_recall_at_20_diff1": 0.212712,
        "nauc_recall_at_100_max": NaN,
        "nauc_recall_at_100_std": NaN,
        "nauc_recall_at_100_diff1": NaN,
        "nauc_recall_at_1000_max": NaN,
        "nauc_recall_at_1000_std": NaN,
        "nauc_recall_at_1000_diff1": NaN,
        "nauc_precision_at_1_max": 0.75276,
        "nauc_precision_at_1_std": 0.339664,
        "nauc_precision_at_1_diff1": 0.6379,
        "nauc_precision_at_3_max": 0.804058,
        "nauc_precision_at_3_std": 0.579449,
        "nauc_precision_at_3_diff1": 0.489151,
        "nauc_precision_at_5_max": 0.720979,
        "nauc_precision_at_5_std": 0.449235,
        "nauc_precision_at_5_diff1": 0.248329,
        "nauc_precision_at_10_max": 0.897011,
        "nauc_precision_at_10_std": 0.612469,
        "nauc_precision_at_10_diff1": 0.417817,
        "nauc_precision_at_20_max": 0.861908,
        "nauc_precision_at_20_std": 0.701148,
        "nauc_precision_at_20_diff1": 0.212712,
        "nauc_precision_at_100_max": 1.0,
        "nauc_precision_at_100_std": 1.0,
        "nauc_precision_at_100_diff1": 1.0,
        "nauc_precision_at_1000_max": NaN,
        "nauc_precision_at_1000_std": NaN,
        "nauc_precision_at_1000_diff1": NaN,
        "nauc_mrr_at_1_max": 0.75276,
        "nauc_mrr_at_1_std": 0.339664,
        "nauc_mrr_at_1_diff1": 0.6379,
        "nauc_mrr_at_3_max": 0.814161,
        "nauc_mrr_at_3_std": 0.460974,
        "nauc_mrr_at_3_diff1": 0.610747,
        "nauc_mrr_at_5_max": 0.800243,
        "nauc_mrr_at_5_std": 0.432118,
        "nauc_mrr_at_5_diff1": 0.595709,
        "nauc_mrr_at_10_max": 0.799364,
        "nauc_mrr_at_10_std": 0.430613,
        "nauc_mrr_at_10_diff1": 0.594114,
        "nauc_mrr_at_20_max": 0.797269,
        "nauc_mrr_at_20_std": 0.430129,
        "nauc_mrr_at_20_diff1": 0.593094,
        "nauc_mrr_at_100_max": 0.797602,
        "nauc_mrr_at_100_std": 0.428796,
        "nauc_mrr_at_100_diff1": 0.598392,
        "nauc_mrr_at_1000_max": 0.797602,
        "nauc_mrr_at_1000_std": 0.428796,
        "nauc_mrr_at_1000_diff1": 0.598392,
        "cv_recall_at_1": 0.73333,
        "cv_recall_at_3": 0.86667,
        "cv_recall_at_5": 0.91111,
        "cv_recall_at_10": 0.93333,
        "cv_recall_at_20": 0.97778,
        "cv_recall_at_100": 1.0,
        "cv_recall_at_1000": 1.0,
        "main_score": 0.80897,
        "hf_subset": "default",
        "languages": [
          "eng-Latn"
        ]
      }
    ]
  },
  "evaluation_time": 15.017027139663696,
  "kg_co2_emissions": null
}