{
  "dataset_revision": "8d41f3d22bb73685b6f42b62ad95940ea3dfbf84",
  "task_name": "gdpr-holdings-retrieval",
  "mteb_version": "2.7.26",
  "scores": {
    "test": [
      {
        "ndcg_at_1": 0.83,
        "ndcg_at_3": 0.89195,
        "ndcg_at_5": 0.90021,
        "ndcg_at_10": 0.90419,
        "ndcg_at_20": 0.90631,
        "ndcg_at_100": 0.90923,
        "ndcg_at_1000": 0.9105,
        "map_at_1": 0.83,
        "map_at_3": 0.87733,
        "map_at_5": 0.88193,
        "map_at_10": 0.88363,
        "map_at_20": 0.88427,
        "map_at_100": 0.88465,
        "map_at_1000": 0.8847,
        "recall_at_1": 0.83,
        "recall_at_3": 0.934,
        "recall_at_5": 0.954,
        "recall_at_10": 0.966,
        "recall_at_20": 0.974,
        "recall_at_100": 0.99,
        "recall_at_1000": 1.0,
        "accuracy": 0.83,
        "precision_at_1": 0.83,
        "precision_at_3": 0.31133,
        "precision_at_5": 0.1908,
        "precision_at_10": 0.0966,
        "precision_at_20": 0.0487,
        "precision_at_100": 0.0099,
        "precision_at_1000": 0.001,
        "mrr_at_1": 0.83,
        "mrr_at_3": 0.877333,
        "mrr_at_5": 0.881933,
        "mrr_at_10": 0.883628,
        "mrr_at_20": 0.884269,
        "mrr_at_100": 0.88465,
        "mrr_at_1000": 0.884696,
        "nauc_ndcg_at_1_max": 0.651657,
        "nauc_ndcg_at_1_std": 0.029309,
        "nauc_ndcg_at_1_diff1": 0.864277,
        "nauc_ndcg_at_3_max": 0.719009,
        "nauc_ndcg_at_3_std": 0.033883,
        "nauc_ndcg_at_3_diff1": 0.839352,
        "nauc_ndcg_at_5_max": 0.704443,
        "nauc_ndcg_at_5_std": 0.034191,
        "nauc_ndcg_at_5_diff1": 0.837111,
        "nauc_ndcg_at_10_max": 0.703538,
        "nauc_ndcg_at_10_std": 0.07198,
        "nauc_ndcg_at_10_diff1": 0.832821,
        "nauc_ndcg_at_20_max": 0.700543,
        "nauc_ndcg_at_20_std": 0.076122,
        "nauc_ndcg_at_20_diff1": 0.832035,
        "nauc_ndcg_at_100_max": 0.701777,
        "nauc_ndcg_at_100_std": 0.059182,
        "nauc_ndcg_at_100_diff1": 0.843067,
        "nauc_ndcg_at_1000_max": 0.69832,
        "nauc_ndcg_at_1000_std": 0.053788,
        "nauc_ndcg_at_1000_diff1": 0.842624,
        "nauc_map_at_1_max": 0.651657,
        "nauc_map_at_1_std": 0.029309,
        "nauc_map_at_1_diff1": 0.864277,
        "nauc_map_at_3_max": 0.700818,
        "nauc_map_at_3_std": 0.028758,
        "nauc_map_at_3_diff1": 0.847465,
        "nauc_map_at_5_max": 0.693328,
        "nauc_map_at_5_std": 0.030005,
        "nauc_map_at_5_diff1": 0.846597,
        "nauc_map_at_10_max": 0.692671,
        "nauc_map_at_10_std": 0.043176,
        "nauc_map_at_10_diff1": 0.845182,
        "nauc_map_at_20_max": 0.691893,
        "nauc_map_at_20_std": 0.043844,
        "nauc_map_at_20_diff1": 0.845049,
        "nauc_map_at_100_max": 0.692154,
        "nauc_map_at_100_std": 0.04199,
        "nauc_map_at_100_diff1": 0.846581,
        "nauc_map_at_1000_max": 0.692069,
        "nauc_map_at_1000_std": 0.041949,
        "nauc_map_at_1000_diff1": 0.846557,
        "nauc_recall_at_1_max": 0.651657,
        "nauc_recall_at_1_std": 0.029309,
        "nauc_recall_at_1_diff1": 0.864277,
        "nauc_recall_at_3_max": 0.810033,
        "nauc_recall_at_3_std": 0.063025,
        "nauc_recall_at_3_diff1": 0.797513,
        "nauc_recall_at_5_max": 0.774327,
        "nauc_recall_at_5_std": 0.063878,
        "nauc_recall_at_5_diff1": 0.769354,
        "nauc_recall_at_10_max": 0.794337,
        "nauc_recall_at_10_std": 0.386143,
        "nauc_recall_at_10_diff1": 0.711018,
        "nauc_recall_at_20_max": 0.78259,
        "nauc_recall_at_20_std": 0.542591,
        "nauc_recall_at_20_diff1": 0.663578,
        "nauc_recall_at_100_max": 0.944444,
        "nauc_recall_at_100_std": 0.480486,
        "nauc_recall_at_100_diff1": 0.866013,
        "nauc_recall_at_1000_max": NaN,
        "nauc_recall_at_1000_std": NaN,
        "nauc_recall_at_1000_diff1": NaN,
        "nauc_precision_at_1_max": 0.651657,
        "nauc_precision_at_1_std": 0.029309,
        "nauc_precision_at_1_diff1": 0.864277,
        "nauc_precision_at_3_max": 0.810033,
        "nauc_precision_at_3_std": 0.063025,
        "nauc_precision_at_3_diff1": 0.797513,
        "nauc_precision_at_5_max": 0.774327,
        "nauc_precision_at_5_std": 0.063878,
        "nauc_precision_at_5_diff1": 0.769354,
        "nauc_precision_at_10_max": 0.794337,
        "nauc_precision_at_10_std": 0.386143,
        "nauc_precision_at_10_diff1": 0.711018,
        "nauc_precision_at_20_max": 0.78259,
        "nauc_precision_at_20_std": 0.542591,
        "nauc_precision_at_20_diff1": 0.663578,
        "nauc_precision_at_100_max": 0.944444,
        "nauc_precision_at_100_std": 0.480486,
        "nauc_precision_at_100_diff1": 0.866013,
        "nauc_precision_at_1000_max": 1.0,
        "nauc_precision_at_1000_std": 1.0,
        "nauc_precision_at_1000_diff1": 1.0,
        "nauc_mrr_at_1_max": 0.651657,
        "nauc_mrr_at_1_std": 0.029309,
        "nauc_mrr_at_1_diff1": 0.864277,
        "nauc_mrr_at_3_max": 0.700818,
        "nauc_mrr_at_3_std": 0.028758,
        "nauc_mrr_at_3_diff1": 0.847465,
        "nauc_mrr_at_5_max": 0.693328,
        "nauc_mrr_at_5_std": 0.030005,
        "nauc_mrr_at_5_diff1": 0.846597,
        "nauc_mrr_at_10_max": 0.692671,
        "nauc_mrr_at_10_std": 0.043176,
        "nauc_mrr_at_10_diff1": 0.845182,
        "nauc_mrr_at_20_max": 0.691893,
        "nauc_mrr_at_20_std": 0.043844,
        "nauc_mrr_at_20_diff1": 0.845049,
        "nauc_mrr_at_100_max": 0.692154,
        "nauc_mrr_at_100_std": 0.04199,
        "nauc_mrr_at_100_diff1": 0.846581,
        "nauc_mrr_at_1000_max": 0.692069,
        "nauc_mrr_at_1000_std": 0.041949,
        "nauc_mrr_at_1000_diff1": 0.846557,
        "cv_recall_at_1": 0.83,
        "cv_recall_at_3": 0.934,
        "cv_recall_at_5": 0.954,
        "cv_recall_at_10": 0.966,
        "cv_recall_at_20": 0.974,
        "cv_recall_at_100": 0.99,
        "cv_recall_at_1000": 1.0,
        "main_score": 0.90419,
        "hf_subset": "default",
        "languages": [
          "eng-Latn"
        ]
      }
    ]
  },
  "evaluation_time": 107.15921783447266,
  "kg_co2_emissions": null
}