{
  "dataset_revision": "bbf8b2d84b7de5970b2ba4ea843c791285fdb1df",
  "task_name": "irish-legislative-summaries",
  "mteb_version": "2.7.26",
  "scores": {
    "test": [
      {
        "ndcg_at_1": 0.812,
        "ndcg_at_3": 0.86969,
        "ndcg_at_5": 0.88217,
        "ndcg_at_10": 0.89086,
        "ndcg_at_20": 0.8944,
        "ndcg_at_100": 0.89803,
        "ndcg_at_1000": 0.89826,
        "map_at_1": 0.812,
        "map_at_3": 0.85633,
        "map_at_5": 0.86333,
        "map_at_10": 0.86708,
        "map_at_20": 0.86806,
        "map_at_100": 0.86851,
        "map_at_1000": 0.86852,
        "recall_at_1": 0.812,
        "recall_at_3": 0.908,
        "recall_at_5": 0.938,
        "recall_at_10": 0.964,
        "recall_at_20": 0.978,
        "recall_at_100": 0.998,
        "recall_at_1000": 1.0,
        "accuracy": 0.812,
        "precision_at_1": 0.812,
        "precision_at_3": 0.30267,
        "precision_at_5": 0.1876,
        "precision_at_10": 0.0964,
        "precision_at_20": 0.0489,
        "precision_at_100": 0.00998,
        "precision_at_1000": 0.001,
        "mrr_at_1": 0.812,
        "mrr_at_3": 0.856333,
        "mrr_at_5": 0.863333,
        "mrr_at_10": 0.867083,
        "mrr_at_20": 0.868059,
        "mrr_at_100": 0.868515,
        "mrr_at_1000": 0.86852,
        "nauc_ndcg_at_1_max": 0.656834,
        "nauc_ndcg_at_1_std": -0.142735,
        "nauc_ndcg_at_1_diff1": 0.850863,
        "nauc_ndcg_at_3_max": 0.66046,
        "nauc_ndcg_at_3_std": -0.176082,
        "nauc_ndcg_at_3_diff1": 0.823126,
        "nauc_ndcg_at_5_max": 0.679034,
        "nauc_ndcg_at_5_std": -0.159297,
        "nauc_ndcg_at_5_diff1": 0.839885,
        "nauc_ndcg_at_10_max": 0.674044,
        "nauc_ndcg_at_10_std": -0.149276,
        "nauc_ndcg_at_10_diff1": 0.832746,
        "nauc_ndcg_at_20_max": 0.673509,
        "nauc_ndcg_at_20_std": -0.142997,
        "nauc_ndcg_at_20_diff1": 0.833259,
        "nauc_ndcg_at_100_max": 0.6681,
        "nauc_ndcg_at_100_std": -0.150799,
        "nauc_ndcg_at_100_diff1": 0.834418,
        "nauc_ndcg_at_1000_max": 0.66731,
        "nauc_ndcg_at_1000_std": -0.153539,
        "nauc_ndcg_at_1000_diff1": 0.835552,
        "nauc_map_at_1_max": 0.656834,
        "nauc_map_at_1_std": -0.142735,
        "nauc_map_at_1_diff1": 0.850863,
        "nauc_map_at_3_max": 0.658229,
        "nauc_map_at_3_std": -0.165798,
        "nauc_map_at_3_diff1": 0.830732,
        "nauc_map_at_5_max": 0.667092,
        "nauc_map_at_5_std": -0.158036,
        "nauc_map_at_5_diff1": 0.839648,
        "nauc_map_at_10_max": 0.664795,
        "nauc_map_at_10_std": -0.155591,
        "nauc_map_at_10_diff1": 0.837282,
        "nauc_map_at_20_max": 0.664543,
        "nauc_map_at_20_std": -0.154537,
        "nauc_map_at_20_diff1": 0.837482,
        "nauc_map_at_100_max": 0.663943,
        "nauc_map_at_100_std": -0.155507,
        "nauc_map_at_100_diff1": 0.837607,
        "nauc_map_at_1000_max": 0.66393,
        "nauc_map_at_1000_std": -0.155553,
        "nauc_map_at_1000_diff1": 0.837626,
        "nauc_recall_at_1_max": 0.656834,
        "nauc_recall_at_1_std": -0.142735,
        "nauc_recall_at_1_diff1": 0.850863,
        "nauc_recall_at_3_max": 0.670777,
        "nauc_recall_at_3_std": -0.220456,
        "nauc_recall_at_3_diff1": 0.7909,
        "nauc_recall_at_5_max": 0.757869,
        "nauc_recall_at_5_std": -0.159814,
        "nauc_recall_at_5_diff1": 0.845863,
        "nauc_recall_at_10_max": 0.774484,
        "nauc_recall_at_10_std": -0.051769,
        "nauc_recall_at_10_diff1": 0.784729,
        "nauc_recall_at_20_max": 0.831296,
        "nauc_recall_at_20_std": 0.136491,
        "nauc_recall_at_20_diff1": 0.761056,
        "nauc_recall_at_100_max": 1.0,
        "nauc_recall_at_100_std": 1.0,
        "nauc_recall_at_100_diff1": 0.358077,
        "nauc_recall_at_1000_max": NaN,
        "nauc_recall_at_1000_std": NaN,
        "nauc_recall_at_1000_diff1": NaN,
        "nauc_precision_at_1_max": 0.656834,
        "nauc_precision_at_1_std": -0.142735,
        "nauc_precision_at_1_diff1": 0.850863,
        "nauc_precision_at_3_max": 0.670777,
        "nauc_precision_at_3_std": -0.220456,
        "nauc_precision_at_3_diff1": 0.7909,
        "nauc_precision_at_5_max": 0.757869,
        "nauc_precision_at_5_std": -0.159814,
        "nauc_precision_at_5_diff1": 0.845863,
        "nauc_precision_at_10_max": 0.774484,
        "nauc_precision_at_10_std": -0.051769,
        "nauc_precision_at_10_diff1": 0.784729,
        "nauc_precision_at_20_max": 0.831296,
        "nauc_precision_at_20_std": 0.136491,
        "nauc_precision_at_20_diff1": 0.761056,
        "nauc_precision_at_100_max": 1.0,
        "nauc_precision_at_100_std": 1.0,
        "nauc_precision_at_100_diff1": 0.358077,
        "nauc_precision_at_1000_max": 1.0,
        "nauc_precision_at_1000_std": 1.0,
        "nauc_precision_at_1000_diff1": 1.0,
        "nauc_mrr_at_1_max": 0.656834,
        "nauc_mrr_at_1_std": -0.142735,
        "nauc_mrr_at_1_diff1": 0.850863,
        "nauc_mrr_at_3_max": 0.658229,
        "nauc_mrr_at_3_std": -0.165798,
        "nauc_mrr_at_3_diff1": 0.830732,
        "nauc_mrr_at_5_max": 0.667092,
        "nauc_mrr_at_5_std": -0.158036,
        "nauc_mrr_at_5_diff1": 0.839648,
        "nauc_mrr_at_10_max": 0.664795,
        "nauc_mrr_at_10_std": -0.155591,
        "nauc_mrr_at_10_diff1": 0.837282,
        "nauc_mrr_at_20_max": 0.664543,
        "nauc_mrr_at_20_std": -0.154537,
        "nauc_mrr_at_20_diff1": 0.837482,
        "nauc_mrr_at_100_max": 0.663943,
        "nauc_mrr_at_100_std": -0.155507,
        "nauc_mrr_at_100_diff1": 0.837607,
        "nauc_mrr_at_1000_max": 0.66393,
        "nauc_mrr_at_1000_std": -0.155553,
        "nauc_mrr_at_1000_diff1": 0.837626,
        "cv_recall_at_1": 0.812,
        "cv_recall_at_3": 0.908,
        "cv_recall_at_5": 0.938,
        "cv_recall_at_10": 0.964,
        "cv_recall_at_20": 0.978,
        "cv_recall_at_100": 0.998,
        "cv_recall_at_1000": 1.0,
        "main_score": 0.89086,
        "hf_subset": "default",
        "languages": [
          "eng-Latn"
        ]
      }
    ]
  },
  "evaluation_time": 3121.929208278656,
  "kg_co2_emissions": null
}