{
  "dataset_revision": "ec00129f88e9476e582131dc3a5db9220dfefa48",
  "task_name": "license-tldr-retrieval",
  "mteb_version": "2.7.26",
  "scores": {
    "test": [
      {
        "ndcg_at_1": 0.58462,
        "ndcg_at_3": 0.68535,
        "ndcg_at_5": 0.69792,
        "ndcg_at_10": 0.70741,
        "ndcg_at_20": 0.7191,
        "ndcg_at_100": 0.74637,
        "ndcg_at_1000": 0.74637,
        "map_at_1": 0.58462,
        "map_at_3": 0.66154,
        "map_at_5": 0.66846,
        "map_at_10": 0.67209,
        "map_at_20": 0.67533,
        "map_at_100": 0.67965,
        "map_at_1000": 0.67965,
        "recall_at_1": 0.58462,
        "recall_at_3": 0.75385,
        "recall_at_5": 0.78462,
        "recall_at_10": 0.81538,
        "recall_at_20": 0.86154,
        "recall_at_100": 1.0,
        "recall_at_1000": 1.0,
        "accuracy": 0.58462,
        "precision_at_1": 0.58462,
        "precision_at_3": 0.25128,
        "precision_at_5": 0.15692,
        "precision_at_10": 0.08154,
        "precision_at_20": 0.04308,
        "precision_at_100": 0.01,
        "precision_at_1000": 0.001,
        "mrr_at_1": 0.584615,
        "mrr_at_3": 0.661538,
        "mrr_at_5": 0.668462,
        "mrr_at_10": 0.672094,
        "mrr_at_20": 0.675328,
        "mrr_at_100": 0.679655,
        "mrr_at_1000": 0.679655,
        "nauc_ndcg_at_1_max": 0.626345,
        "nauc_ndcg_at_1_std": 0.391354,
        "nauc_ndcg_at_1_diff1": 0.660031,
        "nauc_ndcg_at_3_max": 0.711133,
        "nauc_ndcg_at_3_std": 0.524242,
        "nauc_ndcg_at_3_diff1": 0.565248,
        "nauc_ndcg_at_5_max": 0.705173,
        "nauc_ndcg_at_5_std": 0.57405,
        "nauc_ndcg_at_5_diff1": 0.558735,
        "nauc_ndcg_at_10_max": 0.699452,
        "nauc_ndcg_at_10_std": 0.55799,
        "nauc_ndcg_at_10_diff1": 0.582496,
        "nauc_ndcg_at_20_max": 0.699428,
        "nauc_ndcg_at_20_std": 0.554609,
        "nauc_ndcg_at_20_diff1": 0.601174,
        "nauc_ndcg_at_100_max": 0.689699,
        "nauc_ndcg_at_100_std": 0.520512,
        "nauc_ndcg_at_100_diff1": 0.590822,
        "nauc_ndcg_at_1000_max": 0.689699,
        "nauc_ndcg_at_1000_std": 0.520512,
        "nauc_ndcg_at_1000_diff1": 0.590822,
        "nauc_map_at_1_max": 0.626345,
        "nauc_map_at_1_std": 0.391354,
        "nauc_map_at_1_diff1": 0.660031,
        "nauc_map_at_3_max": 0.689482,
        "nauc_map_at_3_std": 0.491243,
        "nauc_map_at_3_diff1": 0.588826,
        "nauc_map_at_5_max": 0.686151,
        "nauc_map_at_5_std": 0.514654,
        "nauc_map_at_5_diff1": 0.586566,
        "nauc_map_at_10_max": 0.683996,
        "nauc_map_at_10_std": 0.508377,
        "nauc_map_at_10_diff1": 0.595646,
        "nauc_map_at_20_max": 0.68385,
        "nauc_map_at_20_std": 0.507023,
        "nauc_map_at_20_diff1": 0.599416,
        "nauc_map_at_100_max": 0.682534,
        "nauc_map_at_100_std": 0.501837,
        "nauc_map_at_100_diff1": 0.597441,
        "nauc_map_at_1000_max": 0.682534,
        "nauc_map_at_1000_std": 0.501837,
        "nauc_map_at_1000_diff1": 0.597441,
        "nauc_recall_at_1_max": 0.626345,
        "nauc_recall_at_1_std": 0.391354,
        "nauc_recall_at_1_diff1": 0.660031,
        "nauc_recall_at_3_max": 0.788484,
        "nauc_recall_at_3_std": 0.641601,
        "nauc_recall_at_3_diff1": 0.48137,
        "nauc_recall_at_5_max": 0.777867,
        "nauc_recall_at_5_std": 0.819216,
        "nauc_recall_at_5_diff1": 0.44788,
        "nauc_recall_at_10_max": 0.761464,
        "nauc_recall_at_10_std": 0.780438,
        "nauc_recall_at_10_diff1": 0.537223,
        "nauc_recall_at_20_max": 0.779834,
        "nauc_recall_at_20_std": 0.824296,
        "nauc_recall_at_20_diff1": 0.667853,
        "nauc_recall_at_100_max": NaN,
        "nauc_recall_at_100_std": NaN,
        "nauc_recall_at_100_diff1": NaN,
        "nauc_recall_at_1000_max": NaN,
        "nauc_recall_at_1000_std": NaN,
        "nauc_recall_at_1000_diff1": NaN,
        "nauc_precision_at_1_max": 0.626345,
        "nauc_precision_at_1_std": 0.391354,
        "nauc_precision_at_1_diff1": 0.660031,
        "nauc_precision_at_3_max": 0.788484,
        "nauc_precision_at_3_std": 0.641601,
        "nauc_precision_at_3_diff1": 0.48137,
        "nauc_precision_at_5_max": 0.777867,
        "nauc_precision_at_5_std": 0.819216,
        "nauc_precision_at_5_diff1": 0.44788,
        "nauc_precision_at_10_max": 0.761464,
        "nauc_precision_at_10_std": 0.780438,
        "nauc_precision_at_10_diff1": 0.537223,
        "nauc_precision_at_20_max": 0.779834,
        "nauc_precision_at_20_std": 0.824296,
        "nauc_precision_at_20_diff1": 0.667853,
        "nauc_precision_at_100_max": NaN,
        "nauc_precision_at_100_std": NaN,
        "nauc_precision_at_100_diff1": NaN,
        "nauc_precision_at_1000_max": 1.0,
        "nauc_precision_at_1000_std": 1.0,
        "nauc_precision_at_1000_diff1": 1.0,
        "nauc_mrr_at_1_max": 0.626345,
        "nauc_mrr_at_1_std": 0.391354,
        "nauc_mrr_at_1_diff1": 0.660031,
        "nauc_mrr_at_3_max": 0.689482,
        "nauc_mrr_at_3_std": 0.491243,
        "nauc_mrr_at_3_diff1": 0.588826,
        "nauc_mrr_at_5_max": 0.686151,
        "nauc_mrr_at_5_std": 0.514654,
        "nauc_mrr_at_5_diff1": 0.586566,
        "nauc_mrr_at_10_max": 0.683996,
        "nauc_mrr_at_10_std": 0.508377,
        "nauc_mrr_at_10_diff1": 0.595646,
        "nauc_mrr_at_20_max": 0.68385,
        "nauc_mrr_at_20_std": 0.507023,
        "nauc_mrr_at_20_diff1": 0.599416,
        "nauc_mrr_at_100_max": 0.682534,
        "nauc_mrr_at_100_std": 0.501837,
        "nauc_mrr_at_100_diff1": 0.597441,
        "nauc_mrr_at_1000_max": 0.682534,
        "nauc_mrr_at_1000_std": 0.501837,
        "nauc_mrr_at_1000_diff1": 0.597441,
        "cv_recall_at_1": 0.58462,
        "cv_recall_at_3": 0.75385,
        "cv_recall_at_5": 0.78462,
        "cv_recall_at_10": 0.81538,
        "cv_recall_at_20": 0.86154,
        "cv_recall_at_100": 1.0,
        "cv_recall_at_1000": 1.0,
        "main_score": 0.70741,
        "hf_subset": "default",
        "languages": [
          "eng-Latn"
        ]
      }
    ]
  },
  "evaluation_time": 12.586975812911987,
  "kg_co2_emissions": null
}