{
  "dataset_revision": "319b6cc4b012d733f126a943a8a66bdf9df5dc40",
  "task_name": "scalr",
  "mteb_version": "2.7.26",
  "scores": {
    "test": [
      {
        "ndcg_at_1": 0.55,
        "ndcg_at_3": 0.6495,
        "ndcg_at_5": 0.6922,
        "ndcg_at_10": 0.70226,
        "ndcg_at_20": 0.72184,
        "ndcg_at_100": 0.73322,
        "ndcg_at_1000": 0.7342,
        "map_at_1": 0.55,
        "map_at_3": 0.62361,
        "map_at_5": 0.64819,
        "map_at_10": 0.65192,
        "map_at_20": 0.65762,
        "map_at_100": 0.65938,
        "map_at_1000": 0.6594,
        "recall_at_1": 0.55,
        "recall_at_3": 0.725,
        "recall_at_5": 0.825,
        "recall_at_10": 0.85833,
        "recall_at_20": 0.93333,
        "recall_at_100": 0.99167,
        "recall_at_1000": 1.0,
        "accuracy": 0.55,
        "precision_at_1": 0.55,
        "precision_at_3": 0.24167,
        "precision_at_5": 0.165,
        "precision_at_10": 0.08583,
        "precision_at_20": 0.04667,
        "precision_at_100": 0.00992,
        "precision_at_1000": 0.001,
        "mrr_at_1": 0.55,
        "mrr_at_3": 0.623611,
        "mrr_at_5": 0.648194,
        "mrr_at_10": 0.651921,
        "mrr_at_20": 0.657622,
        "mrr_at_100": 0.659379,
        "mrr_at_1000": 0.659401,
        "nauc_ndcg_at_1_max": 0.443025,
        "nauc_ndcg_at_1_std": -0.016944,
        "nauc_ndcg_at_1_diff1": 0.604566,
        "nauc_ndcg_at_3_max": 0.398015,
        "nauc_ndcg_at_3_std": -0.025816,
        "nauc_ndcg_at_3_diff1": 0.496329,
        "nauc_ndcg_at_5_max": 0.421921,
        "nauc_ndcg_at_5_std": -0.071153,
        "nauc_ndcg_at_5_diff1": 0.513146,
        "nauc_ndcg_at_10_max": 0.438997,
        "nauc_ndcg_at_10_std": -0.036031,
        "nauc_ndcg_at_10_diff1": 0.50803,
        "nauc_ndcg_at_20_max": 0.430813,
        "nauc_ndcg_at_20_std": -0.049027,
        "nauc_ndcg_at_20_diff1": 0.527249,
        "nauc_ndcg_at_100_max": 0.433451,
        "nauc_ndcg_at_100_std": -0.039401,
        "nauc_ndcg_at_100_diff1": 0.524875,
        "nauc_ndcg_at_1000_max": 0.43143,
        "nauc_ndcg_at_1000_std": -0.042933,
        "nauc_ndcg_at_1000_diff1": 0.529923,
        "nauc_map_at_1_max": 0.443025,
        "nauc_map_at_1_std": -0.016944,
        "nauc_map_at_1_diff1": 0.604566,
        "nauc_map_at_3_max": 0.415105,
        "nauc_map_at_3_std": -0.027296,
        "nauc_map_at_3_diff1": 0.525753,
        "nauc_map_at_5_max": 0.429235,
        "nauc_map_at_5_std": -0.050337,
        "nauc_map_at_5_diff1": 0.536295,
        "nauc_map_at_10_max": 0.434834,
        "nauc_map_at_10_std": -0.038767,
        "nauc_map_at_10_diff1": 0.534786,
        "nauc_map_at_20_max": 0.432745,
        "nauc_map_at_20_std": -0.041476,
        "nauc_map_at_20_diff1": 0.539999,
        "nauc_map_at_100_max": 0.432657,
        "nauc_map_at_100_std": -0.040699,
        "nauc_map_at_100_diff1": 0.539938,
        "nauc_map_at_1000_max": 0.432621,
        "nauc_map_at_1000_std": -0.040762,
        "nauc_map_at_1000_diff1": 0.54003,
        "nauc_recall_at_1_max": 0.443025,
        "nauc_recall_at_1_std": -0.016944,
        "nauc_recall_at_1_diff1": 0.604566,
        "nauc_recall_at_3_max": 0.335173,
        "nauc_recall_at_3_std": -0.018622,
        "nauc_recall_at_3_diff1": 0.392361,
        "nauc_recall_at_5_max": 0.386628,
        "nauc_recall_at_5_std": -0.179266,
        "nauc_recall_at_5_diff1": 0.405045,
        "nauc_recall_at_10_max": 0.479437,
        "nauc_recall_at_10_std": 0.004455,
        "nauc_recall_at_10_diff1": 0.35343,
        "nauc_recall_at_20_max": 0.418592,
        "nauc_recall_at_20_std": -0.133637,
        "nauc_recall_at_20_diff1": 0.436041,
        "nauc_recall_at_100_max": 0.869281,
        "nauc_recall_at_100_std": 0.722222,
        "nauc_recall_at_100_diff1": -0.563492,
        "nauc_recall_at_1000_max": NaN,
        "nauc_recall_at_1000_std": NaN,
        "nauc_recall_at_1000_diff1": NaN,
        "nauc_precision_at_1_max": 0.443025,
        "nauc_precision_at_1_std": -0.016944,
        "nauc_precision_at_1_diff1": 0.604566,
        "nauc_precision_at_3_max": 0.335173,
        "nauc_precision_at_3_std": -0.018622,
        "nauc_precision_at_3_diff1": 0.392361,
        "nauc_precision_at_5_max": 0.386628,
        "nauc_precision_at_5_std": -0.179266,
        "nauc_precision_at_5_diff1": 0.405045,
        "nauc_precision_at_10_max": 0.479437,
        "nauc_precision_at_10_std": 0.004455,
        "nauc_precision_at_10_diff1": 0.35343,
        "nauc_precision_at_20_max": 0.418592,
        "nauc_precision_at_20_std": -0.133637,
        "nauc_precision_at_20_diff1": 0.436041,
        "nauc_precision_at_100_max": 0.869281,
        "nauc_precision_at_100_std": 0.722222,
        "nauc_precision_at_100_diff1": -0.563492,
        "nauc_precision_at_1000_max": 1.0,
        "nauc_precision_at_1000_std": 1.0,
        "nauc_precision_at_1000_diff1": 1.0,
        "nauc_mrr_at_1_max": 0.443025,
        "nauc_mrr_at_1_std": -0.016944,
        "nauc_mrr_at_1_diff1": 0.604566,
        "nauc_mrr_at_3_max": 0.415105,
        "nauc_mrr_at_3_std": -0.027296,
        "nauc_mrr_at_3_diff1": 0.525753,
        "nauc_mrr_at_5_max": 0.429235,
        "nauc_mrr_at_5_std": -0.050337,
        "nauc_mrr_at_5_diff1": 0.536295,
        "nauc_mrr_at_10_max": 0.434834,
        "nauc_mrr_at_10_std": -0.038767,
        "nauc_mrr_at_10_diff1": 0.534786,
        "nauc_mrr_at_20_max": 0.432745,
        "nauc_mrr_at_20_std": -0.041476,
        "nauc_mrr_at_20_diff1": 0.539999,
        "nauc_mrr_at_100_max": 0.432657,
        "nauc_mrr_at_100_std": -0.040699,
        "nauc_mrr_at_100_diff1": 0.539938,
        "nauc_mrr_at_1000_max": 0.432621,
        "nauc_mrr_at_1000_std": -0.040762,
        "nauc_mrr_at_1000_diff1": 0.54003,
        "cv_recall_at_1": 0.55,
        "cv_recall_at_3": 0.725,
        "cv_recall_at_5": 0.825,
        "cv_recall_at_10": 0.85833,
        "cv_recall_at_20": 0.93333,
        "cv_recall_at_100": 0.99167,
        "cv_recall_at_1000": 1.0,
        "main_score": 0.70226,
        "hf_subset": "default",
        "languages": [
          "eng-Latn"
        ]
      }
    ]
  },
  "evaluation_time": 40.12397623062134,
  "kg_co2_emissions": null
}