{
  "dataset_revision": "427e2ae4b22cd9ad990ef8dd4647c16d79c89198",
  "task_name": "singaporean-judicial-keywords",
  "mteb_version": "2.7.26",
  "scores": {
    "test": [
      {
        "ndcg_at_1": 0.892,
        "ndcg_at_3": 0.93381,
        "ndcg_at_5": 0.94035,
        "ndcg_at_10": 0.94365,
        "ndcg_at_20": 0.94615,
        "ndcg_at_100": 0.94656,
        "ndcg_at_1000": 0.94656,
        "map_at_1": 0.892,
        "map_at_3": 0.924,
        "map_at_5": 0.9276,
        "map_at_10": 0.929,
        "map_at_20": 0.92967,
        "map_at_100": 0.92975,
        "map_at_1000": 0.92975,
        "recall_at_1": 0.892,
        "recall_at_3": 0.962,
        "recall_at_5": 0.978,
        "recall_at_10": 0.988,
        "recall_at_20": 0.998,
        "recall_at_100": 1.0,
        "recall_at_1000": 1.0,
        "accuracy": 0.892,
        "precision_at_1": 0.892,
        "precision_at_3": 0.32067,
        "precision_at_5": 0.1956,
        "precision_at_10": 0.0988,
        "precision_at_20": 0.0499,
        "precision_at_100": 0.01,
        "precision_at_1000": 0.001,
        "mrr_at_1": 0.892,
        "mrr_at_3": 0.924,
        "mrr_at_5": 0.9276,
        "mrr_at_10": 0.929002,
        "mrr_at_20": 0.929673,
        "mrr_at_100": 0.929747,
        "mrr_at_1000": 0.929747,
        "nauc_ndcg_at_1_max": 0.498935,
        "nauc_ndcg_at_1_std": 0.170889,
        "nauc_ndcg_at_1_diff1": 0.918244,
        "nauc_ndcg_at_3_max": 0.602002,
        "nauc_ndcg_at_3_std": 0.29604,
        "nauc_ndcg_at_3_diff1": 0.921157,
        "nauc_ndcg_at_5_max": 0.598191,
        "nauc_ndcg_at_5_std": 0.25322,
        "nauc_ndcg_at_5_diff1": 0.924249,
        "nauc_ndcg_at_10_max": 0.582159,
        "nauc_ndcg_at_10_std": 0.239296,
        "nauc_ndcg_at_10_diff1": 0.922919,
        "nauc_ndcg_at_20_max": 0.564999,
        "nauc_ndcg_at_20_std": 0.240342,
        "nauc_ndcg_at_20_diff1": 0.920679,
        "nauc_ndcg_at_100_max": 0.561587,
        "nauc_ndcg_at_100_std": 0.234384,
        "nauc_ndcg_at_100_diff1": 0.921082,
        "nauc_ndcg_at_1000_max": 0.561587,
        "nauc_ndcg_at_1000_std": 0.234384,
        "nauc_ndcg_at_1000_diff1": 0.921082,
        "nauc_map_at_1_max": 0.498935,
        "nauc_map_at_1_std": 0.170889,
        "nauc_map_at_1_diff1": 0.918244,
        "nauc_map_at_3_max": 0.568305,
        "nauc_map_at_3_std": 0.255957,
        "nauc_map_at_3_diff1": 0.91993,
        "nauc_map_at_5_max": 0.564481,
        "nauc_map_at_5_std": 0.23511,
        "nauc_map_at_5_diff1": 0.921386,
        "nauc_map_at_10_max": 0.558207,
        "nauc_map_at_10_std": 0.22964,
        "nauc_map_at_10_diff1": 0.920903,
        "nauc_map_at_20_max": 0.55442,
        "nauc_map_at_20_std": 0.229497,
        "nauc_map_at_20_diff1": 0.920484,
        "nauc_map_at_100_max": 0.553946,
        "nauc_map_at_100_std": 0.228678,
        "nauc_map_at_100_diff1": 0.920538,
        "nauc_map_at_1000_max": 0.553946,
        "nauc_map_at_1000_std": 0.228678,
        "nauc_map_at_1000_diff1": 0.920538,
        "nauc_recall_at_1_max": 0.498935,
        "nauc_recall_at_1_std": 0.170889,
        "nauc_recall_at_1_diff1": 0.918244,
        "nauc_recall_at_3_max": 0.793897,
        "nauc_recall_at_3_std": 0.523588,
        "nauc_recall_at_3_diff1": 0.928375,
        "nauc_recall_at_5_max": 0.913844,
        "nauc_recall_at_5_std": 0.39882,
        "nauc_recall_at_5_diff1": 0.952466,
        "nauc_recall_at_10_max": 0.956427,
        "nauc_recall_at_10_std": 0.336446,
        "nauc_recall_at_10_diff1": 0.956427,
        "nauc_recall_at_20_max": 1.0,
        "nauc_recall_at_20_std": 1.0,
        "nauc_recall_at_20_diff1": 0.869281,
        "nauc_recall_at_100_max": NaN,
        "nauc_recall_at_100_std": NaN,
        "nauc_recall_at_100_diff1": NaN,
        "nauc_recall_at_1000_max": NaN,
        "nauc_recall_at_1000_std": NaN,
        "nauc_recall_at_1000_diff1": NaN,
        "nauc_precision_at_1_max": 0.498935,
        "nauc_precision_at_1_std": 0.170889,
        "nauc_precision_at_1_diff1": 0.918244,
        "nauc_precision_at_3_max": 0.793897,
        "nauc_precision_at_3_std": 0.523588,
        "nauc_precision_at_3_diff1": 0.928375,
        "nauc_precision_at_5_max": 0.913844,
        "nauc_precision_at_5_std": 0.39882,
        "nauc_precision_at_5_diff1": 0.952466,
        "nauc_precision_at_10_max": 0.956427,
        "nauc_precision_at_10_std": 0.336446,
        "nauc_precision_at_10_diff1": 0.956427,
        "nauc_precision_at_20_max": 1.0,
        "nauc_precision_at_20_std": 1.0,
        "nauc_precision_at_20_diff1": 0.869281,
        "nauc_precision_at_100_max": 1.0,
        "nauc_precision_at_100_std": 1.0,
        "nauc_precision_at_100_diff1": 1.0,
        "nauc_precision_at_1000_max": 1.0,
        "nauc_precision_at_1000_std": 1.0,
        "nauc_precision_at_1000_diff1": 1.0,
        "nauc_mrr_at_1_max": 0.498935,
        "nauc_mrr_at_1_std": 0.170889,
        "nauc_mrr_at_1_diff1": 0.918244,
        "nauc_mrr_at_3_max": 0.568305,
        "nauc_mrr_at_3_std": 0.255957,
        "nauc_mrr_at_3_diff1": 0.91993,
        "nauc_mrr_at_5_max": 0.564481,
        "nauc_mrr_at_5_std": 0.23511,
        "nauc_mrr_at_5_diff1": 0.921386,
        "nauc_mrr_at_10_max": 0.558207,
        "nauc_mrr_at_10_std": 0.22964,
        "nauc_mrr_at_10_diff1": 0.920903,
        "nauc_mrr_at_20_max": 0.55442,
        "nauc_mrr_at_20_std": 0.229497,
        "nauc_mrr_at_20_diff1": 0.920484,
        "nauc_mrr_at_100_max": 0.553946,
        "nauc_mrr_at_100_std": 0.228678,
        "nauc_mrr_at_100_diff1": 0.920538,
        "nauc_mrr_at_1000_max": 0.553946,
        "nauc_mrr_at_1000_std": 0.228678,
        "nauc_mrr_at_1000_diff1": 0.920538,
        "cv_recall_at_1": 0.892,
        "cv_recall_at_3": 0.962,
        "cv_recall_at_5": 0.978,
        "cv_recall_at_10": 0.988,
        "cv_recall_at_20": 0.998,
        "cv_recall_at_100": 1.0,
        "cv_recall_at_1000": 1.0,
        "main_score": 0.94365,
        "hf_subset": "default",
        "languages": [
          "eng-Latn"
        ]
      }
    ]
  },
  "evaluation_time": 994.0177438259125,
  "kg_co2_emissions": null
}