{
  "dataset_revision": "436d6a79d06cac556799e9e0be54a6fb90bf7182",
  "task_name": "uk-legislative-long-titles",
  "mteb_version": "2.7.26",
  "scores": {
    "test": [
      {
        "ndcg_at_1": 0.96154,
        "ndcg_at_3": 0.96795,
        "ndcg_at_5": 0.96795,
        "ndcg_at_10": 0.97627,
        "ndcg_at_20": 0.97627,
        "ndcg_at_100": 0.97627,
        "ndcg_at_1000": 0.97627,
        "map_at_1": 0.96154,
        "map_at_3": 0.96581,
        "map_at_5": 0.96581,
        "map_at_10": 0.96925,
        "map_at_20": 0.96925,
        "map_at_100": 0.96925,
        "map_at_1000": 0.96925,
        "recall_at_1": 0.96154,
        "recall_at_3": 0.97436,
        "recall_at_5": 0.97436,
        "recall_at_10": 1.0,
        "recall_at_20": 1.0,
        "recall_at_100": 1.0,
        "recall_at_1000": 1.0,
        "accuracy": 0.96154,
        "precision_at_1": 0.96154,
        "precision_at_3": 0.32479,
        "precision_at_5": 0.19487,
        "precision_at_10": 0.1,
        "precision_at_20": 0.05,
        "precision_at_100": 0.01,
        "precision_at_1000": 0.001,
        "mrr_at_1": 0.961538,
        "mrr_at_3": 0.965812,
        "mrr_at_5": 0.965812,
        "mrr_at_10": 0.969246,
        "mrr_at_20": 0.969246,
        "mrr_at_100": 0.969246,
        "mrr_at_1000": 0.969246,
        "nauc_ndcg_at_1_max": 0.956303,
        "nauc_ndcg_at_1_std": 0.851352,
        "nauc_ndcg_at_1_diff1": 0.956303,
        "nauc_ndcg_at_3_max": 0.947563,
        "nauc_ndcg_at_3_std": 0.910811,
        "nauc_ndcg_at_3_diff1": 0.973782,
        "nauc_ndcg_at_5_max": 0.947563,
        "nauc_ndcg_at_5_std": 0.910811,
        "nauc_ndcg_at_5_diff1": 0.973782,
        "nauc_ndcg_at_10_max": 0.951525,
        "nauc_ndcg_at_10_std": 0.879553,
        "nauc_ndcg_at_10_diff1": 0.964593,
        "nauc_ndcg_at_20_max": 0.951525,
        "nauc_ndcg_at_20_std": 0.879553,
        "nauc_ndcg_at_20_diff1": 0.964593,
        "nauc_ndcg_at_100_max": 0.951525,
        "nauc_ndcg_at_100_std": 0.879553,
        "nauc_ndcg_at_100_diff1": 0.964593,
        "nauc_ndcg_at_1000_max": 0.951525,
        "nauc_ndcg_at_1000_std": 0.879553,
        "nauc_ndcg_at_1000_diff1": 0.964593,
        "nauc_map_at_1_max": 0.956303,
        "nauc_map_at_1_std": 0.851352,
        "nauc_map_at_1_diff1": 0.956303,
        "nauc_map_at_3_max": 0.95084,
        "nauc_map_at_3_std": 0.888514,
        "nauc_map_at_3_diff1": 0.967227,
        "nauc_map_at_5_max": 0.95084,
        "nauc_map_at_5_std": 0.888514,
        "nauc_map_at_5_diff1": 0.967227,
        "nauc_map_at_10_max": 0.952182,
        "nauc_map_at_10_std": 0.876065,
        "nauc_map_at_10_diff1": 0.963567,
        "nauc_map_at_20_max": 0.952182,
        "nauc_map_at_20_std": 0.876065,
        "nauc_map_at_20_diff1": 0.963567,
        "nauc_map_at_100_max": 0.952182,
        "nauc_map_at_100_std": 0.876065,
        "nauc_map_at_100_diff1": 0.963567,
        "nauc_map_at_1000_max": 0.952182,
        "nauc_map_at_1000_std": 0.876065,
        "nauc_map_at_1000_diff1": 0.963567,
        "nauc_recall_at_1_max": 0.956303,
        "nauc_recall_at_1_std": 0.851352,
        "nauc_recall_at_1_diff1": 0.956303,
        "nauc_recall_at_3_max": 0.934454,
        "nauc_recall_at_3_std": 1.0,
        "nauc_recall_at_3_diff1": 1.0,
        "nauc_recall_at_5_max": 0.934454,
        "nauc_recall_at_5_std": 1.0,
        "nauc_recall_at_5_diff1": 1.0,
        "nauc_recall_at_10_max": NaN,
        "nauc_recall_at_10_std": NaN,
        "nauc_recall_at_10_diff1": NaN,
        "nauc_recall_at_20_max": NaN,
        "nauc_recall_at_20_std": NaN,
        "nauc_recall_at_20_diff1": NaN,
        "nauc_recall_at_100_max": NaN,
        "nauc_recall_at_100_std": NaN,
        "nauc_recall_at_100_diff1": NaN,
        "nauc_recall_at_1000_max": NaN,
        "nauc_recall_at_1000_std": NaN,
        "nauc_recall_at_1000_diff1": NaN,
        "nauc_precision_at_1_max": 0.956303,
        "nauc_precision_at_1_std": 0.851352,
        "nauc_precision_at_1_diff1": 0.956303,
        "nauc_precision_at_3_max": 0.934454,
        "nauc_precision_at_3_std": 1.0,
        "nauc_precision_at_3_diff1": 1.0,
        "nauc_precision_at_5_max": 0.934454,
        "nauc_precision_at_5_std": 1.0,
        "nauc_precision_at_5_diff1": 1.0,
        "nauc_precision_at_10_max": 1.0,
        "nauc_precision_at_10_std": 1.0,
        "nauc_precision_at_10_diff1": 1.0,
        "nauc_precision_at_20_max": 1.0,
        "nauc_precision_at_20_std": 1.0,
        "nauc_precision_at_20_diff1": 1.0,
        "nauc_precision_at_100_max": 1.0,
        "nauc_precision_at_100_std": 1.0,
        "nauc_precision_at_100_diff1": 1.0,
        "nauc_precision_at_1000_max": 1.0,
        "nauc_precision_at_1000_std": 1.0,
        "nauc_precision_at_1000_diff1": 1.0,
        "nauc_mrr_at_1_max": 0.956303,
        "nauc_mrr_at_1_std": 0.851352,
        "nauc_mrr_at_1_diff1": 0.956303,
        "nauc_mrr_at_3_max": 0.95084,
        "nauc_mrr_at_3_std": 0.888514,
        "nauc_mrr_at_3_diff1": 0.967227,
        "nauc_mrr_at_5_max": 0.95084,
        "nauc_mrr_at_5_std": 0.888514,
        "nauc_mrr_at_5_diff1": 0.967227,
        "nauc_mrr_at_10_max": 0.952182,
        "nauc_mrr_at_10_std": 0.876065,
        "nauc_mrr_at_10_diff1": 0.963567,
        "nauc_mrr_at_20_max": 0.952182,
        "nauc_mrr_at_20_std": 0.876065,
        "nauc_mrr_at_20_diff1": 0.963567,
        "nauc_mrr_at_100_max": 0.952182,
        "nauc_mrr_at_100_std": 0.876065,
        "nauc_mrr_at_100_diff1": 0.963567,
        "nauc_mrr_at_1000_max": 0.952182,
        "nauc_mrr_at_1000_std": 0.876065,
        "nauc_mrr_at_1000_diff1": 0.963567,
        "cv_recall_at_1": 0.96154,
        "cv_recall_at_3": 0.97436,
        "cv_recall_at_5": 0.97436,
        "cv_recall_at_10": 1.0,
        "cv_recall_at_20": 1.0,
        "cv_recall_at_100": 1.0,
        "cv_recall_at_1000": 1.0,
        "main_score": 0.97627,
        "hf_subset": "default",
        "languages": [
          "eng-Latn"
        ]
      }
    ]
  },
  "evaluation_time": 466.3311939239502,
  "kg_co2_emissions": null
}