{
  "dataset_revision": "49c07b6",
  "task_name": "BarExamQA",
  "mteb_version": "2.7.26",
  "scores": {
    "test": [
      {
        "ndcg_at_1": 0.36752,
        "ndcg_at_3": 0.47924,
        "ndcg_at_5": 0.52117,
        "ndcg_at_10": 0.54586,
        "ndcg_at_20": 0.58263,
        "ndcg_at_100": 0.60349,
        "ndcg_at_1000": 0.60349,
        "map_at_1": 0.36752,
        "map_at_3": 0.45014,
        "map_at_5": 0.47322,
        "map_at_10": 0.48331,
        "map_at_20": 0.49339,
        "map_at_100": 0.49633,
        "map_at_1000": 0.49633,
        "recall_at_1": 0.36752,
        "recall_at_3": 0.5641,
        "recall_at_5": 0.66667,
        "recall_at_10": 0.74359,
        "recall_at_20": 0.88889,
        "recall_at_100": 1.0,
        "recall_at_1000": 1.0,
        "accuracy": 0.36752,
        "precision_at_1": 0.36752,
        "precision_at_3": 0.18803,
        "precision_at_5": 0.13333,
        "precision_at_10": 0.07436,
        "precision_at_20": 0.04444,
        "precision_at_100": 0.01,
        "precision_at_1000": 0.001,
        "mrr_at_1": 0.367521,
        "mrr_at_3": 0.450142,
        "mrr_at_5": 0.473219,
        "mrr_at_10": 0.483306,
        "mrr_at_20": 0.493391,
        "mrr_at_100": 0.496334,
        "mrr_at_1000": 0.496334,
        "nauc_ndcg_at_1_max": 0.341783,
        "nauc_ndcg_at_1_std": 0.20412,
        "nauc_ndcg_at_1_diff1": 0.294995,
        "nauc_ndcg_at_3_max": 0.314298,
        "nauc_ndcg_at_3_std": 0.164765,
        "nauc_ndcg_at_3_diff1": 0.264955,
        "nauc_ndcg_at_5_max": 0.311851,
        "nauc_ndcg_at_5_std": 0.21082,
        "nauc_ndcg_at_5_diff1": 0.253169,
        "nauc_ndcg_at_10_max": 0.315897,
        "nauc_ndcg_at_10_std": 0.202782,
        "nauc_ndcg_at_10_diff1": 0.279807,
        "nauc_ndcg_at_20_max": 0.334725,
        "nauc_ndcg_at_20_std": 0.224709,
        "nauc_ndcg_at_20_diff1": 0.281211,
        "nauc_ndcg_at_100_max": 0.326617,
        "nauc_ndcg_at_100_std": 0.203543,
        "nauc_ndcg_at_100_diff1": 0.276072,
        "nauc_ndcg_at_1000_max": 0.326617,
        "nauc_ndcg_at_1000_std": 0.203543,
        "nauc_ndcg_at_1000_diff1": 0.276072,
        "nauc_map_at_1_max": 0.341783,
        "nauc_map_at_1_std": 0.20412,
        "nauc_map_at_1_diff1": 0.294995,
        "nauc_map_at_3_max": 0.326199,
        "nauc_map_at_3_std": 0.177336,
        "nauc_map_at_3_diff1": 0.277144,
        "nauc_map_at_5_max": 0.324131,
        "nauc_map_at_5_std": 0.201094,
        "nauc_map_at_5_diff1": 0.270878,
        "nauc_map_at_10_max": 0.325428,
        "nauc_map_at_10_std": 0.197058,
        "nauc_map_at_10_diff1": 0.280819,
        "nauc_map_at_20_max": 0.329913,
        "nauc_map_at_20_std": 0.201817,
        "nauc_map_at_20_diff1": 0.280766,
        "nauc_map_at_100_max": 0.32881,
        "nauc_map_at_100_std": 0.199293,
        "nauc_map_at_100_diff1": 0.279548,
        "nauc_map_at_1000_max": 0.32881,
        "nauc_map_at_1000_std": 0.199293,
        "nauc_map_at_1000_diff1": 0.279548,
        "nauc_recall_at_1_max": 0.341783,
        "nauc_recall_at_1_std": 0.20412,
        "nauc_recall_at_1_diff1": 0.294995,
        "nauc_recall_at_3_max": 0.275795,
        "nauc_recall_at_3_std": 0.125212,
        "nauc_recall_at_3_diff1": 0.225726,
        "nauc_recall_at_5_max": 0.26777,
        "nauc_recall_at_5_std": 0.253265,
        "nauc_recall_at_5_diff1": 0.187518,
        "nauc_recall_at_10_max": 0.278245,
        "nauc_recall_at_10_std": 0.234787,
        "nauc_recall_at_10_diff1": 0.287658,
        "nauc_recall_at_20_max": 0.428298,
        "nauc_recall_at_20_std": 0.490971,
        "nauc_recall_at_20_diff1": 0.319007,
        "nauc_recall_at_100_max": NaN,
        "nauc_recall_at_100_std": NaN,
        "nauc_recall_at_100_diff1": NaN,
        "nauc_recall_at_1000_max": NaN,
        "nauc_recall_at_1000_std": NaN,
        "nauc_recall_at_1000_diff1": NaN,
        "nauc_precision_at_1_max": 0.341783,
        "nauc_precision_at_1_std": 0.20412,
        "nauc_precision_at_1_diff1": 0.294995,
        "nauc_precision_at_3_max": 0.275795,
        "nauc_precision_at_3_std": 0.125212,
        "nauc_precision_at_3_diff1": 0.225726,
        "nauc_precision_at_5_max": 0.26777,
        "nauc_precision_at_5_std": 0.253265,
        "nauc_precision_at_5_diff1": 0.187518,
        "nauc_precision_at_10_max": 0.278245,
        "nauc_precision_at_10_std": 0.234787,
        "nauc_precision_at_10_diff1": 0.287658,
        "nauc_precision_at_20_max": 0.428298,
        "nauc_precision_at_20_std": 0.490971,
        "nauc_precision_at_20_diff1": 0.319007,
        "nauc_precision_at_100_max": NaN,
        "nauc_precision_at_100_std": NaN,
        "nauc_precision_at_100_diff1": NaN,
        "nauc_precision_at_1000_max": 1.0,
        "nauc_precision_at_1000_std": 1.0,
        "nauc_precision_at_1000_diff1": 1.0,
        "nauc_mrr_at_1_max": 0.341783,
        "nauc_mrr_at_1_std": 0.20412,
        "nauc_mrr_at_1_diff1": 0.294995,
        "nauc_mrr_at_3_max": 0.326199,
        "nauc_mrr_at_3_std": 0.177336,
        "nauc_mrr_at_3_diff1": 0.277144,
        "nauc_mrr_at_5_max": 0.324131,
        "nauc_mrr_at_5_std": 0.201094,
        "nauc_mrr_at_5_diff1": 0.270878,
        "nauc_mrr_at_10_max": 0.325428,
        "nauc_mrr_at_10_std": 0.197058,
        "nauc_mrr_at_10_diff1": 0.280819,
        "nauc_mrr_at_20_max": 0.329913,
        "nauc_mrr_at_20_std": 0.201817,
        "nauc_mrr_at_20_diff1": 0.280766,
        "nauc_mrr_at_100_max": 0.32881,
        "nauc_mrr_at_100_std": 0.199293,
        "nauc_mrr_at_100_diff1": 0.279548,
        "nauc_mrr_at_1000_max": 0.32881,
        "nauc_mrr_at_1000_std": 0.199293,
        "nauc_mrr_at_1000_diff1": 0.279548,
        "cv_recall_at_1": 0.36752,
        "cv_recall_at_3": 0.5641,
        "cv_recall_at_5": 0.66667,
        "cv_recall_at_10": 0.74359,
        "cv_recall_at_20": 0.88889,
        "cv_recall_at_100": 1.0,
        "cv_recall_at_1000": 1.0,
        "main_score": 0.54586,
        "hf_subset": "default",
        "languages": [
          "eng-Latn"
        ]
      }
    ]
  },
  "evaluation_time": 20.12235975265503,
  "kg_co2_emissions": null
}